"","code","name","level","parent_id","name_es"
0,"11","Agriculture, animal breeding and production, forestry, fishing and hunting","section","","Agricultura, cría y explotación de animales, aprovechamiento forestal, pesca y caza"
1,"111","Agriculture ","division",0.0,"Agricultura"
2,"1111","Oilseed, legume and cereal growing","class",1.0,"Cultivo de semillas oleaginosas, leguminosas y cereales"
3,"1112","Vegetable growing","class",1.0,"Cultivo de hortalizas"
4,"1113","Fruit and tree nut growing","class",1.0,"Cultivo de frutales y nueces"
5,"1114","Greenhouse and nursery growing, and floriculture","class",1.0,"Cultivo en invernaderos y viveros, y floricultura"
6,"1119","Other crop growing","class",1.0,"Otros cultivos"
7,"112","Animal breeding and production","division",0.0,"Cría y explotación de animales"
8,"1121","Cattle raising","class",78.0,"Explotación de bovinos"
9,"1122","Pig raising","class",78.0,"Explotación de porcinos"
10,"1123","Poultry raising","class",78.0,"Explotación avícola"
11,"1124","Sheep and goat raising","class",78.0,"Explotación de ovinos y caprinos"
12,"1125","Aquaculture","class",78.0,"Acuicultura"
13,"1129","Other animal production","class",78.0,"Explotación de otros animales"
14,"113","Forestry","division",0.0,"Aprovechamiento forestal"
15,"1131","Silviculture","class",122.0,"Silvicultura"
16,"1132","Forest nurseries and gathering of forest products","class",122.0,"Viveros forestales y recolección de productos forestales"
17,"1133","Logging","class",122.0,"Tala de árboles"
18,"114","Fishing, hunting and trapping","division",0.0,"Pesca, caza y captura"
19,"1141","Fishing ","class",133.0,"Pesca"
20,"1142","Hunting and trapping","class",133.0,"Caza y captura"
21,"115","Services related to agricultural and forestry activities","division",0.0,"Servicios relacionados con las actividades agropecuarias y forestales"
22,"1151","Services related to agriculture","class",143.0,"Servicios relacionados con la agricultura"
23,"1152","Services related to animal breeding and production","class",143.0,"Servicios relacionados con la cría y explotación de animales"
24,"1153","Services related to forestry","class",143.0,"Servicios relacionados con el aprovechamiento forestal"
25,"21","Mining","section","","Minería"
26,"211","Oil and gas extraction","division",156.0,"Extracción de petróleo y gas"
27,"2111","Oil and gas extraction","class",157.0,"Extracción de petróleo y gas"
28,"212","Metallic and nonmetallic ore mining, except oil and gas","division",156.0,"Minería de minerales metálicos y no metálicos, excepto petróleo y gas"
29,"2121","Coal mining","class",161.0,"Minería de carbón mineral"
30,"2122","Metallic ore mining","class",161.0,"Minería de minerales metálicos"
31,"2123","Nonmetallic ore mining","class",161.0,"Minería de minerales no metálicos"
32,"213","Services related to mining","division",156.0,"Servicios relacionados con la minería"
33,"2131","Services related to mining","class",201.0,"Servicios relacionados con la minería"
34,"22","Electric power generation, transmission and distribution, water and gas supply through mains to final consumers","section","","Generación, transmisión y distribución de energía eléctrica, suministro de agua y de gas por ductos al consumidor final"
35,"221","Electric power generation, transmission and distribution","division",206.0,"Generación, transmisión y distribución de energía eléctrica"
36,"2211","Electric power generation, transmission and distribution","class",207.0,"Generación, transmisión y distribución de energía eléctrica"
37,"222","Water and gas supply through mains to final consumers","division",206.0,"Suministro de agua y suministro de gas por ductos al consumidor final"
38,"2221","Water collection, treatment and supply","class",213.0,"Captación, tratamiento y suministro de agua"
39,"2222","Gas supply through mains to final consumers","class",213.0,"Suministro de gas por ductos al consumidor final"
40,"23","Construction","section","","Construcción"
41,"236","Construction","division",221.0,"Edificación"
42,"2361","Residential building construction","class",222.0,"Edificación residencial"
43,"2362","Nonresidential building construction","class",222.0,"Edificación no residencial"
44,"237","Civil engineering construction works","division",221.0,"Construcción de obras de ingeniería civil"
45,"2371","Construction works for water, oil, gas, electric power and telecommunications supply","class",235.0,"Construcción de obras para el suministro de agua, petróleo, gas, energía eléctrica y telecomunicaciones"
46,"2372","Land division and urbanization works","class",235.0,"División de terrenos y construcción de obras de urbanización"
47,"2373","Construction of roads, highways and similar works","class",235.0,"Construcción de vías de comunicación"
48,"2379","Other civil engineering construction","class",235.0,"Otras construcciones de ingeniería civil"
49,"238","Specialized construction works","division",221.0,"Trabajos especializados para la construcción"
50,"2381","Foundations, prefabricated structures assembly and exterior construction works","class",266.0,"Cimentaciones, montaje de estructuras prefabricadas y trabajos en exteriores"
51,"2382","Building installations and equipment","class",266.0,"Instalaciones y equipamiento en construcciones"
52,"2383","Building finishing works","class",266.0,"Trabajos de acabados en edificaciones"
53,"2389","Other specialized construction works","class",266.0,"Otros trabajos especializados para la construcción"
54,"31","Manufacturing 1","section","","Industrias manufactureras 1"
55,"311","Food industry ","division",304.0,"Industria alimentaria"
56,"3111","Animal food manufacturing","class",305.0,"Elaboración de alimentos para animales"
57,"3112","Grain and seed milling, and fats and oils manufacturing","class",305.0,"Molienda de granos y de semillas y obtención de aceites y grasas"
58,"3113","Sugar, chocolate, candies and similar products manufacturing","class",305.0,"Elaboración de azúcares, chocolates, dulces y similares"
59,"3114","Fruits, vegetables and prepared meals preserving","class",305.0,"Conservación de frutas, verduras y alimentos preparados"
60,"3115","Dairy products manufacturing","class",305.0,"Elaboración de productos lácteos"
61,"3116","Livestock, poultry and other edible animals slaughtering, packaging and processing ","class",305.0,"Matanza, empacado y procesamiento de carne de ganado, aves y otros animales comestibles"
62,"3117","Seafood preparation and packaging","class",305.0,"Preparación y envasado de pescados y mariscos"
63,"3118","Bakery products and tortilla manufacturing","class",305.0,"Elaboración de productos de panadería y tortillas"
64,"3119","Other food manufacturing","class",305.0,"Otras industrias alimentarias"
65,"312","Beverage and tobacco industries","division",304.0,"Industria de las bebidas y del tabaco"
66,"3121","Beverage industry","class",380.0,"Industria de las bebidas"
67,"3122","Tobacco industry","class",380.0,"Industria del tabaco"
68,"313","Textile inputs manufacturing, and textiles finishing","division",304.0,"Fabricación de insumos textiles y acabado de textiles"
69,"3131","Textile fibers preparation and spinning, and thread and yarn manufacturing","class",403.0,"Preparación e hilado de fibras textiles, y fabricación de hilos"
70,"3132","Fabrics manufacturing","class",403.0,"Fabricación de telas"
71,"3133","Textile products finishing and coated fabrics manufacturing","class",403.0,"Acabado de productos textiles y fabricación de telas recubiertas"
72,"314","Textile products manufacturing, except apparel","division",304.0,"Fabricación de productos textiles, excepto prendas de vestir"
73,"3141","Rugs, linens and similar products confectioning","class",423.0,"Confección de alfombras, blancos y similares"
74,"3149","Other textile products manufacturing, except apparel ","class",423.0,"Fabricación de otros productos textiles, excepto prendas de vestir"
75,"315","Apparel manufacturing","division",304.0,"Fabricación de prendas de vestir"
76,"3151","Knitted apparel manufacturing","class",438.0,"Fabricación de prendas de vestir de punto"
77,"3152","Cut and sew apparel manufacturing ","class",438.0,"Confección de prendas de vestir"
78,"3159","Cut and sew apparel accessories and other apparel manufacturing, not elsewhere classified","class",438.0,"Confección de accesorios de vestir y otras prendas de vestir no clasificados en otra parte"
79,"316","Leather and fur tanning and finishing, and manufacturing of leather, fur and allied materials products","division",304.0,"Curtido y acabado de cuero y piel, y fabricación de productos de cuero, piel y materiales sucedáneos"
80,"3161","Leather and fur tanning and finishing ","class",459.0,"Curtido y acabado de cuero y piel"
81,"3162","Footwear manufacturing","class",459.0,"Fabricación de calzado"
82,"3169","Manufacturing of other leather, fur and allied materials products","class",459.0,"Fabricación de otros productos de cuero, piel y materiales sucedáneos"
83,"32","Manufacturing 2","section","","Industrias manufactureras 2"
84,"321","Wood industry","division",474.0,"Industria de la madera"
85,"3211","Wood sawing and preservation","class",475.0,"Aserrado y conservación de la madera"
86,"3212","Wood laminates and fiberboard manufacturing","class",475.0,"Fabricación de laminados y aglutinados de madera"
87,"3219","Other wood products manufacturing","class",475.0,"Fabricación de otros productos de madera"
88,"322","Paper industry","division",474.0,"Industria del papel"
89,"3221","Pulp, paper and paperboard manufacturing","class",494.0,"Fabricación de pulpa, papel y cartón"
90,"3222","Paperboard and paper products manufacturing","class",494.0,"Fabricación de productos de cartón y papel"
91,"323","Printing and related industries","division",474.0,"Impresión e industrias conexas"
92,"3231","Printing and related industries","class",514.0,"Impresión e industrias conexas"
93,"324","Manufacturing of products derived from petroleum and coal","division",474.0,"Fabricación de productos derivados del petróleo y del carbón"
94,"3241","Manufacturing of products derived from petroleum and coal","class",521.0,"Fabricación de productos derivados del petróleo y del carbón"
95,"325","Chemical industry","division",474.0,"Industria química"
96,"3251","Basic chemical products manufacturing","class",530.0,"Fabricación de productos químicos básicos"
97,"3252","Synthetic resins and rubbers, and chemical fibers manufacturing","class",530.0,"Fabricación de resinas y hules sintéticos, y fibras químicas"
98,"3253","Fertilizers, pesticides and other agrochemical products manufacturing","class",530.0,"Fabricación de fertilizantes, pesticidas y otros agroquímicos"
99,"3254","Pharmaceutical products manufacturing","class",530.0,"Fabricación de productos farmacéuticos"
100,"3255","Paints, coatings, and adhesives manufacturing","class",530.0,"Fabricación de pinturas, recubrimientos y adhesivos"
101,"3256","Soaps, cleaners and toilet preparations manufacturing","class",530.0,"Fabricación de jabones, limpiadores y preparaciones de tocador"
102,"3259","Other chemical products manufacturing","class",530.0,"Fabricación de otros productos químicos"
103,"326","Plastic and rubber industry","division",474.0,"Industria del plástico y del hule"
104,"3261","Plastic products manufacturing","class",577.0,"Fabricación de productos de plástico"
105,"3262","Rubber products manufacturing","class",577.0,"Fabricación de productos de hule"
106,"327","Nonmetallic mineral products manufacturing","division",474.0,"Fabricación de productos a base de minerales no metálicos"
107,"3271","Manufacturing of products based on clays and refractory minerals","class",606.0,"Fabricación de productos a base de arcillas y minerales refractarios"
108,"3272","Glass and glass products manufacturing","class",606.0,"Fabricación de vidrio y productos de vidrio"
109,"3273","Cement and concrete products manufacturing","class",606.0,"Fabricación de cemento y productos de concreto"
110,"3274","Lime, gypsum and gypsum products manufacturing","class",606.0,"Fabricación de cal, yeso y productos de yeso"
111,"3279","Other nonmetallic mineral products manufacturing","class",606.0,"Fabricación de otros productos a base de minerales no metálicos"
112,"33","Manufacturing 3","section","","Industrias manufactureras 3"
113,"3311","Iron and steel basic industry","class",606.0,"Industria básica del hierro y del acero"
114,"3312","Iron and steel products manufacturing","class",606.0,"Fabricación de productos de hierro y acero"
115,"3313","Aluminum basic industry","class",606.0,"Industria básica del aluminio"
116,"3314","Nonferrous metal industry, except aluminum","class",606.0,"Industrias de metales no ferrosos, excepto aluminio"
117,"3315","Metal parts molding by casting","class",606.0,"Moldeo por fundición de piezas metálicas"
118,"332","Metal products manufacturing","division",645.0,"Fabricación de productos metálicos"
119,"3321","Forged and stamped metal products manufacturing","class",672.0,"Fabricación de productos metálicos forjados y troquelados"
120,"3322","Nonpowered hand tools and metal kitchen utensils manufacturing","class",672.0,"Fabricación de herramientas de mano sin motor y utensilios de cocina metálicos"
121,"3323","Metal structures and iron works products manufacturing","class",672.0,"Fabricación de estructuras metálicas y productos de herrería"
122,"3324","Boilers, tanks and metal containers manufacturing","class",672.0,"Fabricación de calderas, tanques y envases metálicos"
123,"3325","Metal fittings and locks manufacturing","class",672.0,"Fabricación de herrajes y cerraduras"
124,"3326","Wire, wire products and springs manufacturing","class",672.0,"Fabricación de alambre, productos de alambre y resortes"
125,"3327","Metal parts machining and screws manufacturing","class",672.0,"Maquinado de piezas metálicas y fabricación de tornillos"
126,"3328","Metal coating and finishings","class",672.0,"Recubrimientos y terminados metálicos"
127,"3329","Other metal products manufacturing","class",672.0,"Fabricación de otros productos metálicos"
128,"333","Machinery and equipment manufacturing","division",645.0,"Fabricación de maquinaria y equipo"
129,"3331","Agricultural, construction and extractive industry machinery and equipment manufacturing","class",712.0,"Fabricación de maquinaria y equipo agropecuario, para la construcción y para la industria extractiva"
130,"3332","Industrial machinery and equipment manufacturing, except metalworking","class",712.0,"Fabricación de maquinaria y equipo para las industrias manufactureras, excepto la metalmecánica"
131,"3333","Commercial and service industry machinery and equipment manufacturing","class",712.0,"Fabricación de maquinaria y equipo para el comercio y los servicios"
132,"3334","Air conditioning, heating, and industrial and commercial refrigeration equipment manufacturing","class",712.0,"Fabricación de equipo de aire acondicionado, calefacción, y de refrigeración industrial y comercial"
133,"3335","Metalworking industry machinery and equipment manufacturing","class",712.0,"Fabricación de maquinaria y equipo para la industria metalmecánica"
134,"3336","Internal combustion engines, turbines and power transmissions manufacturing","class",712.0,"Fabricación de motores de combustión interna, turbinas y transmisiones"
135,"3339","Other general purpose machinery and equipment manufacturing","class",712.0,"Fabricación de otra maquinaria y equipo para la industria en general"
136,"334","Manufacturing of computer, communications, and measuring equipment, and other electronic equipment, components and appliances manufacturing","division",645.0,"Fabricación de equipo de computación, comunicación, medición y de otros equipos, componentes y accesorios electrónicos"
137,"3341","Computer and peripheral equipment manufacturing","class",757.0,"Fabricación de computadoras y equipo periférico"
138,"3342","Communications equipment manufacturing","class",757.0,"Fabricación de equipo de comunicación"
139,"3343","Audio and video equipment manufacturing","class",757.0,"Fabricación de equipo de audio y de video"
140,"3344","Electronic components manufacturing","class",757.0,"Fabricación de componentes electrónicos"
141,"3345","Manufacturing of measuring, control, navigation instruments and electronic medical equipment manufacturing","class",757.0,"Fabricación de instrumentos de medición, control, navegación, y equipo médico electrónico"
142,"3346","Manufacturing and reproducing magnetic and optical media","class",757.0,"Fabricación y reproducción de medios magnéticos y ópticos"
143,"335","Electric appliances, accessories and electric power generation equipment manufacturing","division",645.0,"Fabricación de accesorios, aparatos eléctricos y equipo de generación de energía eléctrica"
144,"3351","Lighting accessories manufacturing","class",781.0,"Fabricación de accesorios de iluminación"
145,"3352","Household electrical appliances manufacturing","class",781.0,"Fabricación de aparatos eléctricos de uso doméstico"
146,"3353","Electric power generation and distribution equipment manufacturing","class",781.0,"Fabricación de equipo de generación y distribución de energía eléctrica"
147,"3359","Other electrical equipment and accessories manufacturing","class",781.0,"Fabricación de otros equipos y accesorios eléctricos"
148,"336","Transportation equipment manufacturing","division",645.0,"Fabricación de equipo de transporte"
149,"3361","Automobiles and trucks manufacturing","class",806.0,"Fabricación de automóviles y camiones"
150,"3362","Motor vehicle bodies and trailers manufacturing","class",806.0,"Fabricación de carrocerías y remolques"
151,"3363","Motor vehicle parts manufacturing","class",806.0,"Fabricación de partes para vehículos automotores"
152,"3364","Aerospace equipment manufacturing","class",806.0,"Fabricación de equipo aeroespacial"
153,"3365","Railroad equipment manufacturing","class",806.0,"Fabricación de equipo ferroviario"
154,"3366","Ship and boat manufacturing","class",806.0,"Fabricación de embarcaciones"
155,"3369","Other transportation equipment manufacturing","class",806.0,"Fabricación de otro equipo de transporte"
156,"337","Furniture, mattresses and blinds manufacturing","division",645.0,"Fabricación de muebles, colchones y persianas"
157,"3371","Furniture manufacturing, except office furniture and shelving","class",846.0,"Fabricación de muebles, excepto de oficina y estantería"
158,"3372","Office furniture and shelving manufacturing","class",846.0,"Fabricación de muebles de oficina y estantería"
159,"3379","Mattresses, blinds and curtain rods manufacturing","class",846.0,"Fabricación de colchones, persianas y cortineros"
160,"339","Other manufacturing industries","division",645.0,"Otras industrias manufactureras"
161,"3391","Manufacturing of nonelectronic medical, dental and laboratory equipment and disposable material, and ophthalmic goods manufacturing","class",860.0,"Fabricación de equipo no electrónico y material desechable de uso médico, dental y para laboratorio, y artículos oftálmicos"
162,"3399","Other manufacturing industries","class",860.0,"Otras industrias manufactureras"
163,"43","Wholesale trade","section","","Comercio al por mayor"
164,"431","Wholesale trade of groceries, food, beverages, ice and tobacco","division",887.0,"Comercio al por mayor de abarrotes, alimentos, bebidas, hielo y tabaco"
165,"4311","Wholesale trade of groceries and food","class",888.0,"Comercio al por mayor de abarrotes y alimentos"
166,"4312","Wholesale of beverages, ice and tobacco","class",888.0,"Comercio al por mayor de bebidas, hielo y tabaco"
167,"432","Wholesale trade of textile products and footwear","division",887.0,"Comercio al por mayor de productos textiles y calzado"
168,"4321","Wholesale trade of textile products and footwear","class",921.0,"Comercio al por mayor de productos textiles y calzado"
169,"433","Wholesale trade of pharmaceutical and perfumery products, recreational goods, and small and major household appliances","division",887.0,"Comercio al por mayor de productos farmacéuticos, de perfumería, artículos para el esparcimiento, electrodomésticos menores y aparatos de línea blanca"
170,"4331","Wholesale trade of pharmaceutical products","class",932.0,"Comercio al por mayor de productos farmacéuticos"
171,"4332","Wholesale trade of perfumery products, cosmetics and jewelry","class",932.0,"Comercio al por mayor de artículos de perfumería, cosméticos y joyería"
172,"4333","Wholesale trade of records, toys and sporting goods","class",932.0,"Comercio al por mayor de discos, juguetes y artículos deportivos"
173,"4334","Wholesale trade of stationery supplies, books, magazines and newspapers","class",932.0,"Comercio al por mayor de artículos de papelería, libros, revistas y periódicos"
174,"4335","Wholesale trade of small and major household appliances","class",932.0,"Comercio al por mayor de electrodomésticos menores y aparatos de línea blanca"
175,"434","Wholesale trade of agricultural, forestry and industrial raw materials, and waste materials","division",887.0,"Comercio al por mayor de materias primas agropecuarias y forestales, para la industria, y materiales de desecho"
176,"4341","Wholesale trade of agricultural and forestry raw materials","class",956.0,"Comercio al por mayor de materias primas agropecuarias y forestales"
177,"4342","Wholesale trade of industrial raw materials","class",956.0,"Comercio al por mayor de materias primas para la industria"
178,"4343","Wholesale trade of waste materials","class",956.0,"Comercio al por mayor de materiales de desecho"
179,"435","Wholesale trade of agricultural, industrial, commercial and services machinery, equipment and furniture, and other general purpose machinery and equipment","division",887.0,"Comercio al por mayor de maquinaria, equipo y mobiliario para actividades agropecuarias, industriales, de servicios y comerciales, y de otra maquinaria y equipo de uso general"
180,"4351","Wholesale trade of agricultural, forestry and fishing machinery and equipment","class",986.0,"Comercio al por mayor de maquinaria y equipo agropecuario, forestal y para la pesca"
181,"4352","Wholesale trade of industrial machinery and equipment","class",986.0,"Comercio al por mayor de maquinaria y equipo para la industria"
182,"4353","Wholesale trade of commercial and service industry machinery and equipment","class",986.0,"Comercio al por mayor de maquinaria y equipo para los servicios y para actividades comerciales"
183,"4354","Wholesale trade of computer and office furniture and equipment, and other general purpose machinery and equipment","class",986.0,"Comercio al por mayor de mobiliario y equipo de cómputo y de oficina, y de otra maquinaria y equipo de uso general"
184,"436","Wholesale trade of trucks and new parts for automobiles, pickup trucks and trucks","division",887.0,"Comercio al por mayor de camiones y de partes y refacciones nuevas para automóviles, camionetas y camiones"
185,"4361","Wholesale trade of trucks and new parts for automobiles, pickup trucks and trucks","class",1006.0,"Comercio al por mayor de camiones y de partes y refacciones nuevas para automóviles, camionetas y camiones"
186,"437","Wholesale trade intermediation","division",887.0,"Intermediación de comercio al por mayor"
187,"4371","Wholesale trade intermediation, except through Internet and other electronic media","class",1011.0,"Intermediación de comercio al por mayor, excepto a través de Internet y de otros medios electrónicos"
188,"4372","Wholesale trade intermediation exclusively through Internet and other electronic media","class",1011.0,"Intermediación de comercio al por mayor exclusivamente a través de Internet y otros medios electrónicos"
189,"46","Retail trade","section","","Comercio al por menor"
190,"461","Retail trade of groceries, food, beverages, ice and tobacco","division",1020.0,"Comercio al por menor de abarrotes, alimentos, bebidas, hielo y tabaco"
191,"4611","Retail trade of groceries and food","class",1021.0,"Comercio al por menor de abarrotes y alimentos"
192,"4612","Retail trade of beverages, ice and tobacco","class",1021.0,"Comercio al por menor de bebidas, hielo y tabaco"
193,"462","Retail trade in self-service shops and department stores","division",1020.0,"Comercio al por menor en tiendas de autoservicio y departamentales"
194,"4621","Retail trade in self-service shops","class",1048.0,"Comercio al por menor en tiendas de autoservicio"
195,"4622","Retail trade in department stores","class",1048.0,"Comercio al por menor en tiendas departamentales"
196,"463","Retail trade of textile products, costume jewelry, clothing accessories and footwear","division",1020.0,"Comercio al por menor de productos textiles, bisutería, accesorios de vestir y calzado"
197,"4631","Retail trade of textile products, except apparel","class",1056.0,"Comercio al por menor de productos textiles, excepto ropa"
198,"4632","Retail trade of apparel, costume jewelry and clothing accessories","class",1056.0,"Comercio al por menor de ropa, bisutería y accesorios de vestir"
199,"4633","Retail trade of footwear","class",1056.0,"Comercio al por menor de calzado"
200,"464","Retail trade of health care items","division",1020.0,"Comercio al por menor de artículos para el cuidado de la salud"
201,"4641","Retail trade of health care items","class",1075.0,"Comercio al por menor de artículos para el cuidado de la salud"
202,"465","Retail trade of stationery supplies, recreational and other personal goods","division",1020.0,"Comercio al por menor de artículos de papelería, para el esparcimiento y otros artículos de uso personal"
203,"4651","Retail trade of perfumery and jewelry products","class",1084.0,"Comercio al por menor de artículos de perfumería y joyería"
204,"4652","Retail trade of recreational goods","class",1084.0,"Comercio al por menor de artículos para el esparcimiento"
205,"4653","Retail trade of stationery supplies, books, magazines and newspapers","class",1084.0,"Comercio al por menor de artículos de papelería, libros, revistas y periódicos"
206,"4659","Retail of pets, gifts, religious, disposable and other personal goods","class",1084.0,"Comercio al por menor de mascotas, regalos, artículos religiosos, desechables y otros artículos de uso personal"
207,"466","Retail trade of household goods, computers, interior decorative articles and used goods","division",1020.0,"Comercio al por menor de enseres domésticos, computadoras, artículos para la decoración de interiores y artículos usados"
208,"4661","Retail trade of household furniture and other household goods","class",1109.0,"Comercio al por menor de muebles para el hogar y otros enseres domésticos"
209,"4662","Retail trade of computer furniture, equipment and accessories; telephones and other communication devices","class",1109.0,"Comercio al por menor de mobiliario, equipo y accesorios de cómputo, teléfonos y otros aparatos de comunicación"
210,"4663","Retail trade of interior decorative articles","class",1109.0,"Comercio al por menor de artículos para la decoración de interiores"
211,"4664","Retail trade of used goods","class",1109.0,"Comercio al por menor de artículos usados"
212,"467","Retail trade of hardware and glass","division",1020.0,"Comercio al por menor de artículos de ferretería, tlapalería y vidrios"
213,"4671","Retail trade of hardware and glass","class",1130.0,"Comercio al por menor de artículos de ferretería, tlapalería y vidrios"
214,"468","Retail trade of motor vehicles, parts, fuels and lubricants","division",1020.0,"Comercio al por menor de vehículos de motor, refacciones, combustibles y lubricantes"
215,"4681","Retail trade of automobiles and pickup trucks","class",1140.0,"Comercio al por menor de automóviles y camionetas"
216,"4682","Retail trade of parts for automobiles, pickup trucks and trucks","class",1140.0,"Comercio al por menor de partes y refacciones para automóviles, camionetas y camiones"
217,"4683","Retail trade of motorcycles, and other motor vehicles","class",1140.0,"Comercio al por menor de motocicletas y otros vehículos de motor"
218,"4684","Retail trade of fuels, lubricating oils and greases","class",1140.0,"Comercio al por menor de combustibles, aceites y grasas lubricantes"
219,"469","Retail trade exclusively through Internet, and printed catalogs, television and similar media","division",1020.0,"Comercio al por menor exclusivamente a través de Internet, y catálogos impresos, televisión y similares"
220,"4691","Retail trade exclusively through Internet, and printed catalogs, television and similar media","class",1162.0,"Comercio al por menor exclusivamente a través de Internet, y catálogos impresos, televisión y similares"
221,"481","Air transportation","division",1020.0,"Transporte aéreo"
222,"4811","Scheduled air transportation","class",1167.0,"Transporte aéreo regular"
223,"4812","Nonscheduled air transportation","class",1167.0,"Transporte aéreo no regular"
224,"482","Rail transportation","division",1020.0,"Transporte por ferrocarril"
225,"4821","Rail transportation","class",1175.0,"Transporte por ferrocarril"
226,"483","Water transportation","division",1020.0,"Transporte por agua"
227,"4831","Maritime transportation","class",1179.0,"Transporte marítimo"
228,"4832","Inland water transportation","class",1179.0,"Transporte por aguas interiores"
229,"484","Freight truck transportation","division",1020.0,"Autotransporte de carga"
230,"4841","General freight trucking","class",1188.0,"Autotransporte de carga general"
231,"4842","Specialized freight trucking","class",1188.0,"Autotransporte de carga especializado"
232,"485","Passenger transportation by road, except by rail","division",1020.0,"Transporte terrestre de pasajeros, excepto por ferrocarril"
233,"4851","Urban and suburban collective passenger transportation, fixed route","class",1211.0,"Transporte colectivo urbano y suburbano de pasajeros de ruta fija"
234,"4852","Long-distance collective passenger transportation, fixed route","class",1211.0,"Transporte colectivo foráneo de pasajeros de ruta fija"
235,"4853","Taxi and limousine services","class",1211.0,"Servicio de taxis y limusinas"
236,"4854","School and employee transportation","class",1211.0,"Transporte escolar y de personal"
237,"4855","Bus rental with driver","class",1211.0,"Alquiler de autobuses con chofer"
238,"4859","Other passenger transportation by road","class",1211.0,"Otro transporte terrestre de pasajeros"
239,"486","Pipeline transportation","division",1020.0,"Transporte por ductos"
240,"4861","Pipeline transportation of crude oil","class",1236.0,"Transporte de petróleo crudo por ductos"
241,"4862","Pipeline transportation of natural gas","class",1236.0,"Transporte de gas natural por ductos"
242,"4869","Pipeline transportation of other products","class",1236.0,"Transporte por ductos de otros productos"
243,"487","Sightseeing transportation","division",1020.0,"Transporte turístico"
244,"4871","Sightseeing transportation by land ","class",1248.0,"Transporte turístico por tierra"
245,"4872","Sightseeing transportation by water","class",1248.0,"Transporte turístico por agua"
246,"4879","Other sightseeing transportation","class",1248.0,"Otro transporte turístico"
247,"488","Services related to transportation","division",1020.0,"Servicios relacionados con el transporte"
248,"4881","Services related to air transportation","class",1258.0,"Servicios relacionados con el transporte aéreo"
249,"4882","Services related to rail transportation","class",1258.0,"Servicios relacionados con el transporte por ferrocarril"
250,"4883","Services related to water transportation","class",1258.0,"Servicios relacionados con el transporte por agua"
251,"4884","Services related to road transportation ","class",1258.0,"Servicios relacionados con el transporte por carretera"
252,"4885","Intermediation services for freight transportation","class",1258.0,"Servicios de intermediación para el transporte de carga"
253,"4889","Other services related to transportation","class",1258.0,"Otros servicios relacionados con el transporte"
254,"491","Postal services","division",1020.0,"Servicios postales"
255,"4911","Postal services","class",1291.0,"Servicios postales"
256,"492","Courier and messenger services","division",1020.0,"Servicios de mensajería y paquetería"
257,"4921","Long-distance courier and messenger services","class",1295.0,"Servicios de mensajería y paquetería foránea"
258,"4922","Local courier and messenger services","class",1295.0,"Servicios de mensajería y paquetería local"
259,"493","Warehousing services","division",1020.0,"Servicios de almacenamiento"
260,"4931","Warehousing services","class",1302.0,"Servicios de almacenamiento"
261,"51","Mass media information","section","","Información en medios masivos"
262,"511","Newspaper, magazine, book, software and other materials publishing and integrated publishing/printing of these publications","division",1313.0,"Edición de periódicos, revistas, libros, software y otros materiales, y edición de estas publicaciones integrada con la impresión"
263,"5111","Newspaper, magazine, book, software and other materials publishing and integrated publishing/printing of these publications","class",1314.0,"Edición de periódicos, revistas, libros y similares, y edición de estas publicaciones integrada con la impresión"
264,"5112","Software publishing, and integrated software publishing/reproduction","class",1314.0,"Edición de software y edición de software integrada con la reproducción"
265,"512","Film and video industry, and sound recording industry","division",1313.0,"Industria fílmica y del video, e industria del sonido"
266,"5121","Film and video industry ","class",1334.0,"Industria fílmica y del video"
267,"5122","Sound recording industry","class",1334.0,"Industria del sonido"
268,"515","Radio and television","division",1313.0,"Radio y televisión"
269,"5151","Radio and television broadcasting","class",1357.0,"Transmisión de programas de radio y televisión"
270,"5152","Production of channel programming for cable or satellite television systems","class",1357.0,"Producción de programación de canales para sistemas de televisión por cable o satelitales"
271,"517","Other telecommunications","division",1313.0,"Otras telecomunicaciones"
272,"5171","Wired telecommunications carriers","class",1366.0,"Operadores de telecomunicaciones alámbricas"
273,"5172","Wireless telecommunications carriers, except satellite services","class",1366.0,"Operadores de telecomunicaciones inalámbricas, excepto servicios de satélite"
274,"5174","Satellite telecommunications services","class",1366.0,"Servicios de telecomunicaciones por satélite"
275,"5179","Other telecommunications services","class",1366.0,"Otros servicios de telecomunicaciones"
276,"518","Electronic data processing, hosting, and other related services","division",1313.0,"Procesamiento electrónico de información, hospedaje y otros servicios relacionados"
277,"5182","Electronic data processing, hosting, and other related services","class",1380.0,"Procesamiento electrónico de información, hospedaje y otros servicios relacionados"
278,"519","Other information services","division",1313.0,"Otros servicios de información"
279,"5191","Other information services","class",1384.0,"Otros servicios de información"
280,"52","Financial and insurance services","section","","Servicios financieros y de seguros"
281,"521","Central bank","division",1395.0,"Banca central"
282,"5211","Central bank","class",1396.0,"Banca central"
283,"522","Credit and financial intermediation institutions, non-stock exchange","division",1395.0,"Instituciones de intermediación crediticia y financiera no bursátil"
284,"5221","Multiple banking","class",1400.0,"Banca múltiple"
285,"5222","Financial institutions for economic development","class",1400.0,"Instituciones financieras de fomento económico"
286,"5223","Credit unions and saving institutions","class",1400.0,"Uniones de crédito e instituciones de ahorro"
287,"5224","Other credit and financial intermediation institutions, non-stock exchange","class",1400.0,"Otras instituciones de intermediación crediticia y financiera no bursátil"
288,"5225","Services related to credit intermediation, non-stock exchange","class",1400.0,"Servicios relacionados con la intermediación crediticia no bursátil"
289,"523","Stock market, currency exchange and financial investment activities","division",1395.0,"Actividades bursátiles, cambiarias y de inversión financiera"
290,"5231","Brokerage houses, foreign currency exchange houses and exchange offices","class",1433.0,"Casas de bolsa, casas de cambio y centros cambiarios"
291,"5232","Stock exchange","class",1433.0,"Bolsa de valores"
292,"5239","Investment advice and other services related to stock exchange intermediation","class",1433.0,"Asesoría en inversiones y otros servicios relacionados con la intermediación bursátil"
293,"524","Surety, insurance and pension companies","division",1395.0,"Compañías de fianzas, seguros y pensiones"
294,"5241","Insurance and surety institutions","class",1448.0,"Instituciones de seguros y fianzas"
295,"5242","Services related to insurance and surety","class",1448.0,"Servicios relacionados con los seguros y las fianzas"
296,"53","Real estate services and tangible and intangible goods rental","section","","Servicios inmobiliarios y de alquiler de bienes muebles e intangibles"
297,"531","Real estate services","division",1461.0,"Servicios inmobiliarios"
298,"5311","Rental of real estate without intermediation","class",1462.0,"Alquiler sin intermediación de bienes raíces"
299,"5312","Real estate agencies and brokers","class",1462.0,"Inmobiliarias y corredores de bienes raíces"
300,"5313","Services related to real estate","class",1462.0,"Servicios relacionados con los servicios inmobiliarios"
301,"532","Rental of tangible goods","division",1461.0,"Servicios de alquiler de bienes muebles"
302,"5321","Rental of automobiles, trucks and other road transportation vehicles","class",1478.0,"Alquiler de automóviles, camiones y otros transportes terrestres"
303,"5322","Rental of household and personal goods","class",1478.0,"Alquiler de artículos para el hogar y personales"
304,"5323","General rental centers","class",1478.0,"Centros generales de alquiler"
305,"5324","Rental of agricultural, fishing, industrial, commercial and services machinery and equipment","class",1478.0,"Alquiler de maquinaria y equipo agropecuario, pesquero, industrial, comercial y de servicios"
306,"533","Rental services of trademarks, patents and franchises","division",1461.0,"Servicios de alquiler de marcas registradas, patentes y franquicias"
307,"5331","Rental services of trademarks, patents and franchises","class",1509.0,"Servicios de alquiler de marcas registradas, patentes y franquicias"
308,"54","Professional, scientific and technical services","section","","Servicios profesionales, científicos y técnicos"
309,"541","Professional, scientific and technical services","division",1513.0,"Servicios profesionales, científicos y técnicos"
310,"5411","Legal services","class",1514.0,"Servicios legales"
311,"5412","Accounting, auditing and related services","class",1514.0,"Servicios de contabilidad, auditoría y servicios relacionados"
312,"5413","Architecture, engineering and related activities services","class",1514.0,"Servicios de arquitectura, ingeniería y actividades relacionadas"
313,"5414","Specialized design","class",1514.0,"Diseño especializado"
314,"5415","Computer systems design and related services ","class",1514.0,"Servicios de diseño de sistemas de cómputo y servicios relacionados"
315,"5416","Management, scientific and technical consulting services","class",1514.0,"Servicios de consultoría administrativa, científica y técnica"
316,"5417","Scientific research and development services","class",1514.0,"Servicios de investigación científica y desarrollo"
317,"5418","Advertising services and related activities","class",1514.0,"Servicios de publicidad y actividades relacionadas"
318,"5419","Other professional, scientific and technical services","class",1514.0,"Otros servicios profesionales, científicos y técnicos"
319,"55","Head offices","section","","Corporativos"
320,"551","Head offices","division",1600.0,"Corporativos"
321,"5511","Head offices","class",1601.0,"Corporativos"
322,"56","Business support services, waste management and remediation services","section","","Servicios de apoyo a los negocios y manejo de desechos y servicios de remediación"
323,"561","Business support services ","division",1606.0,"Servicios de apoyo a los negocios"
324,"5611","Business administration services","class",1607.0,"Servicios de administración de negocios"
325,"5612","Facilities support services","class",1607.0,"Servicios combinados de apoyo en instalaciones"
326,"5613","Employment services","class",1607.0,"Servicios de empleo"
327,"5614","Secretarial support, photocopying, collection, credit investigation and similar services","class",1607.0,"Servicio de apoyo secretarial, fotocopiado, cobranza, investigación crediticia y similares"
328,"5615","Travel agencies and reservation services","class",1607.0,"Agencias de viajes y servicios de reservaciones"
329,"5616","Investigation, protection and security services","class",1607.0,"Servicios de investigación, protección y seguridad"
330,"5617","Cleaning services ","class",1607.0,"Servicios de limpieza"
331,"5619","Other business support services","class",1607.0,"Otros servicios de apoyo a los negocios"
332,"562","Waste management and remediation services","division",1606.0,"Manejo de desechos y servicios de remediación"
333,"5621","Waste management and remediation services","class",1666.0,"Manejo de desechos y servicios de remediación"
334,"61","Educational services","section","","Servicios educativos"
335,"611","Educational services","division",1671.0,"Servicios educativos"
336,"6111","Basic, middle and special needs education schools","class",1672.0,"Escuelas de educación básica, media y para necesidades especiales"
337,"6112","Higher technical education schools","class",1672.0,"Escuelas de educación postbachillerato "
338,"6113","Higher education schools","class",1672.0,"Escuelas de educación superior"
339,"6114","Business, computer and management training schools","class",1672.0,"Escuelas comerciales, de computación y de capacitación para ejecutivos"
340,"6115","Trade schools","class",1672.0,"Escuelas de oficios"
341,"6116","Other educational services","class",1672.0,"Otros servicios educativos"
342,"6117","Educational support services","class",1672.0,"Servicios de apoyo a la educación"
343,"62","Health care and social assistance services","section","","Servicios de salud y de asistencia social"
344,"621","Outpatient medical services and related services","division",1737.0,"Servicios médicos de consulta externa y servicios relacionados"
345,"6211","Medical doctors offices","class",1738.0,"Consultorios médicos"
346,"6212","Dental offices","class",1738.0,"Consultorios dentales"
347,"6213","Other health care offices","class",1738.0,"Otros consultorios para el cuidado de la salud"
348,"6214","Outpatient care centers","class",1738.0,"Centros para la atención de pacientes que no requieren hospitalización"
349,"6215","Medical and diagnostic laboratories","class",1738.0,"Laboratorios médicos y de diagnóstico"
350,"6216","Home nursing services","class",1738.0,"Servicios de enfermería a domicilio"
351,"6219","Ambulance services, organ banks and other medical treatment ancillary services","class",1738.0,"Servicios de ambulancias, de bancos de órganos y otros servicios auxiliares al tratamiento médico"
352,"622","Hospitals","division",1737.0,"Hospitales"
353,"6221","General hospitals","class",1789.0,"Hospitales generales"
354,"6222","Psychiatric and addiction hospitals","class",1789.0,"Hospitales psiquiátricos y para el tratamiento por adicción"
355,"6223","Other medical specialties hospitals ","class",1789.0,"Hospitales de otras especialidades médicas"
356,"623","Social assistance and health care residential facilities","division",1737.0,"Residencias de asistencia social y para el cuidado de la salud"
357,"6231","Residential facilities with nursing care for convalescent, in rehabilitation, incurable and terminal patients","class",1802.0,"Residencias con cuidados de enfermeras para enfermos convalecientes, en rehabilitación, incurables y terminales"
358,"6232","Residential care facilities for persons with mental retardation, mental disorder and addictions","class",1802.0,"Residencias para el cuidado de personas con problemas de retardo mental, trastorno mental y adicciones"
359,"6233","Homes and other residential care facilities for the elderly","class",1802.0,"Asilos y otras residencias para el cuidado de ancianos"
360,"6239","Orphanages and other social assistance residential care facilities","class",1802.0,"Orfanatos y otras residencias de asistencia social"
361,"624","Other social assistance services","division",1737.0,"Otros servicios de asistencia social"
362,"6241","Guidance and social work services","class",1822.0,"Servicios de orientación y trabajo social"
363,"6242","Community food, housing and emergency services","class",1822.0,"Servicios comunitarios de alimentación, refugio y emergencia"
364,"6243","Job training services for unemployed, underemployed or disabled persons","class",1822.0,"Servicios de capacitación para el trabajo para personas desempleadas, subempleadas o discapacitadas"
365,"6244","Nurseries","class",1822.0,"Guarderías"
366,"71","Cultural and sporting recreation services and other recreational services","section","","Servicios de esparcimiento culturales y deportivos, y otros servicios recreativos"
367,"711","Artistic, cultural and sporting services, and other related services","division",1852.0,"Servicios artísticos, culturales y deportivos, y otros servicios relacionados"
368,"7111","Performing arts companies and groups","class",1853.0,"Compañías y grupos de espectáculos artísticos y culturales"
369,"7112","Professional athletes and sports teams","class",1853.0,"Deportistas y equipos deportivos profesionales"
370,"7113","Promoters of performing arts, sports and similar events","class",1853.0,"Promotores de espectáculos artísticos, culturales, deportivos y similares"
371,"7114","Agents and managers for artists, athletes and similar figures","class",1853.0,"Agentes y representantes de artistas, deportistas y similares"
372,"7115","Independent artists, writers and technicians","class",1853.0,"Artistas, escritores y técnicos independientes"
373,"712","Museums, historical sites, zoos and similar institutions","division",1852.0,"Museos, sitios históricos, zoológicos y similares"
374,"7121","Museums, historical sites, zoos and similar institutions","class",1883.0,"Museos, sitios históricos, zoológicos y similares"
375,"713","Amusement services in recreational facilities and other recreational services","division",1852.0,"Servicios de entretenimiento en instalaciones recreativas y otros servicios recreativos"
376,"7131","Parks with recreational facilities and amusement arcades","class",1895.0,"Parques con instalaciones recreativas y casas de juegos electrónicos"
377,"7132","Casinos, lotteries and other gambling services","class",1895.0,"Casinos, loterías y otros juegos de azar"
378,"7139","Other recreational services","class",1895.0,"Otros servicios recreativos"
379,"72","Temporary accommodation services and food and beverage preparation services","section","","Servicios de alojamiento temporal y de preparación de alimentos y bebidas"
380,"721","Temporary accommodation services","division",1929.0,"Servicios de alojamiento temporal"
381,"7211","Hotels, motels and similar facilities","class",1930.0,"Hoteles, moteles y similares"
382,"7212","Recreational camps and lodgings","class",1930.0,"Campamentos y albergues recreativos"
383,"7213","Rooming and boarding houses, and furnished apartments and houses with maid services","class",1930.0,"Pensiones y casas de huéspedes, y departamentos y casas amueblados con servicios de hotelería"
384,"722","Food and beverage preparation services","division",1929.0,"Servicios de preparación de alimentos y bebidas"
385,"7221","Full service restaurants","class",1947.0,"Restaurantes con servicio completo"
386,"7222","Self-service, take-out and other limited service restaurants","class",1947.0,"Restaurantes de autoservicio, comida para llevar y otros restaurantes con servicio limitado"
387,"7223","Food catering services","class",1947.0,"Servicios de preparación de alimentos por encargo"
388,"7224","Nightclubs, bars and similar drinking places","class",1947.0,"Centros nocturnos, bares, cantinas y similares"
389,"81","Other services, except government activities","section","","Otros servicios excepto actividades gubernamentales"
390,"811","Repair and maintenance services","division",1967.0,"Servicios de reparación y mantenimiento"
391,"8111","Repair and maintenance of automobiles and trucks","class",1968.0,"Reparación y mantenimiento de automóviles y camiones"
392,"8112","Electronic and precision equipment repair and maintenance","class",1968.0,"Reparación y mantenimiento de equipo electrónico y de equipo de precisión"
393,"8113","Agricultural, industrial, commercial and services machinery and equipment repair and maintenance","class",1968.0,"Reparación y mantenimiento de maquinaria y equipo agropecuario, industrial, comercial y de servicios"
394,"8114","Household and personal goods repair and maintenance","class",1968.0,"Reparación y mantenimiento de artículos para el hogar y personales"
395,"812","Personal services","division",1967.0,"Servicios personales"
396,"8121","Beauty salons and clinics, public baths and washrooms, and shoeshine shops","class",2008.0,"Salones y clínicas de belleza, baños públicos y bolerías"
397,"8122","Laundries and dry-cleaning shops","class",2008.0,"Lavanderías y tintorerías"
398,"8123","Funeral services and cemetery management","class",2008.0,"Servicios funerarios y administración de cementerios"
399,"8124","Parking lots and garages for motor vehicles","class",2008.0,"Estacionamientos y pensiones para vehículos automotores"
400,"8129","Photograph developing and printing and other personal services","class",2008.0,"Servicios de revelado e impresión de fotografías y otros servicios personales"
401,"813","Associations and Organizations","division",1967.0,"Asociaciones y organizaciones"
402,"8131","Commercial, labor, professional and recreational associations and organizations","class",2032.0,"Asociaciones y organizaciones comerciales, laborales, profesionales y recreativas"
403,"8132","Religious, political and civic associations and organizations","class",2032.0,"Asociaciones y organizaciones religiosas, políticas y civiles"
404,"814","Private households employing domestic personnel","division",1967.0,"Hogares con empleados domésticos"
405,"8141","Private households employing domestic personnel","class",2049.0,"Hogares con empleados domésticos"
406,"93","Legislative, governmental and justice administration activities, and activities of international and extraterritorial organizations","section","","Actividades legislativas, gubernamentales, de impartición de justicia y de organismos internacionales y extraterritoriales"
407,"931","Legislative, governmental and justice administration activities","division",2053.0,"Actividades legislativas, gubernamentales y de impartición de justicia "
408,"9311","Legislative bodies","class",2054.0,"Órganos legislativos"
409,"9312","General public administration","class",2054.0,"Administración pública en general"
410,"9313","Regulation and promotion of economic development","class",2054.0,"Regulación y fomento del desarrollo económico"
411,"9314","Justice administration and security and public order preservation","class",2054.0,"Impartición de justicia y mantenimiento de la seguridad y el orden público"
412,"9315","Regulation and promotion of environmental improvement and preservation activities","class",2054.0,"Regulación y fomento de actividades para mejorar y preservar el medio ambiente"
413,"9316","Administrative activities of social welfare institutions","class",2054.0,"Actividades administrativas de instituciones de bienestar social"
414,"9317","Foreign affairs","class",2054.0,"Relaciones exteriores"
415,"9318","National security activities","class",2054.0,"Actividades de seguridad nacional"
416,"932","Extraterritorial and international organizations","division",2053.0,"Organismos internacionales y extraterritoriales"
417,"9321","Extraterritorial and international organizations","class",2079.0,"Organismos internacionales y extraterritoriales"
