"","code","level","name","parent_id","name_es","name_short_en","name_short_es"
0,"COL","country","Colombia","","Colombia","Colombia","Colombia"
1,"05","department","Antioquia",0.0,"Antioquia","Antioquia","Antioquia"
2,"08","department","Atlántico",0.0,"Atlántico","Atlántico","Atlántico"
3,"11","department","Bogotá, D. C.",0.0,"Bogotá, D. C.","Bogotá, D. C.","Bogotá, D. C."
4,"13","department","Bolívar",0.0,"Bolívar","Bolívar","Bolívar"
5,"15","department","Boyacá",0.0,"Boyacá","Boyacá","Boyacá"
6,"17","department","Caldas",0.0,"Caldas","Caldas","Caldas"
7,"18","department","Caquetá",0.0,"Caquetá","Caquetá","Caquetá"
8,"19","department","Cauca",0.0,"Cauca","Cauca","Cauca"
9,"20","department","Cesar",0.0,"Cesar","Cesar","Cesar"
10,"23","department","Córdoba",0.0,"Córdoba","Córdoba","Córdoba"
11,"25","department","Cundinamarca",0.0,"Cundinamarca","Cundinamarca","Cundinamarca"
12,"27","department","Chocó",0.0,"Chocó","Chocó","Chocó"
13,"41","department","Huila",0.0,"Huila","Huila","Huila"
14,"44","department","La Guajira",0.0,"La Guajira","La Guajira","La Guajira"
15,"47","department","Magdalena",0.0,"Magdalena","Magdalena","Magdalena"
16,"50","department","Meta",0.0,"Meta","Meta","Meta"
17,"52","department","Nariño",0.0,"Nariño","Nariño","Nariño"
18,"54","department","Norte De Santander",0.0,"Norte De Santander","Norte De Santander","Norte De Santander"
19,"63","department","Quindío",0.0,"Quindío","Quindío","Quindío"
20,"66","department","Risaralda",0.0,"Risaralda","Risaralda","Risaralda"
21,"68","department","Santander",0.0,"Santander","Santander","Santander"
22,"70","department","Sucre",0.0,"Sucre","Sucre","Sucre"
23,"73","department","Tolima",0.0,"Tolima","Tolima","Tolima"
24,"76","department","Valle Del Cauca",0.0,"Valle Del Cauca","Valle Del Cauca","Valle Del Cauca"
25,"81","department","Arauca",0.0,"Arauca","Arauca","Arauca"
26,"85","department","Casanare",0.0,"Casanare","Casanare","Casanare"
27,"86","department","Putumayo",0.0,"Putumayo","Putumayo","Putumayo"
28,"88","department","Archipiélago De San Andrés, Providencia Y ",0.0,"Archipiélago De San Andrés, Providencia Y ","Archipiélago De San Andrés, Providencia Y ","Archipiélago De San Andrés, Providencia Y "
29,"91","department","Amazonas",0.0,"Amazonas","Amazonas","Amazonas"
30,"94","department","Guainía",0.0,"Guainía","Guainía","Guainía"
31,"95","department","Guaviare",0.0,"Guaviare","Guaviare","Guaviare"
32,"97","department","Vaupés",0.0,"Vaupés","Vaupés","Vaupés"
33,"99","department","Vichada",0.0,"Vichada","Vichada","Vichada"
34,"050010","msa","Medellín Met",1.0,"Medellín Met","Medellín Met","Medellín Met"
35,"050450","msa","Apartadó",1.0,"Apartadó","Apartadó","Apartadó"
36,"051540","msa","Caucasia",1.0,"Caucasia","Caucasia","Caucasia"
37,"051720","msa","Chigorodó",1.0,"Chigorodó","Chigorodó","Chigorodó"
38,"056150","msa","Rionegro Met",1.0,"Rionegro Met","Rionegro Met","Rionegro Met"
39,"058370","msa","Turbo",1.0,"Turbo","Turbo","Turbo"
40,"080010","msa","Barranquilla Met",2.0,"Barranquilla Met","Barranquilla Met","Barranquilla Met"
41,"110010","msa","Bogotá Met",3.0,"Bogotá Met","Bogotá Met","Bogotá Met"
42,"130010","msa","Cartagena Met",4.0,"Cartagena Met","Cartagena Met","Cartagena Met"
43,"132440","msa","El Carmen de Bolívar",4.0,"El Carmen de Bolívar","El Carmen de Bolívar","El Carmen de Bolívar"
44,"134300","msa","Magangué",4.0,"Magangué","Magangué","Magangué"
45,"150010","msa","Tunja Met",5.0,"Tunja Met","Tunja Met","Tunja Met"
46,"151760","msa","Chiquinquirá",5.0,"Chiquinquirá","Chiquinquirá","Chiquinquirá"
47,"152380","msa","Duitama Met",5.0,"Duitama Met","Duitama Met","Duitama Met"
48,"157590","msa","Sogamoso Met",5.0,"Sogamoso Met","Sogamoso Met","Sogamoso Met"
49,"170010","msa","Manizales Met",6.0,"Manizales Met","Manizales Met","Manizales Met"
50,"173800","msa","La Dorada",6.0,"La Dorada","La Dorada","La Dorada"
51,"180010","msa","Florencia",7.0,"Florencia","Florencia","Florencia"
52,"190010","msa","Popayán",8.0,"Popayán","Popayán","Popayán"
53,"196980","msa","Santander de Quilichao",8.0,"Santander de Quilichao","Santander de Quilichao","Santander de Quilichao"
54,"200010","msa","Valledupar",9.0,"Valledupar","Valledupar","Valledupar"
55,"200110","msa","Aguachica",9.0,"Aguachica","Aguachica","Aguachica"
56,"230010","msa","Montería",10.0,"Montería","Montería","Montería"
57,"231620","msa","Cereté",10.0,"Cereté","Cereté","Cereté"
58,"234170","msa","Lorica",10.0,"Lorica","Lorica","Lorica"
59,"234660","msa","Montelíbano",10.0,"Montelíbano","Montelíbano","Montelíbano"
60,"252900","msa","Fusagasugá",11.0,"Fusagasugá","Fusagasugá","Fusagasugá"
61,"253070","msa","Girardot Met",11.0,"Girardot Met","Girardot Met","Girardot Met"
62,"270010","msa","Quibdó",12.0,"Quibdó","Quibdó","Quibdó"
63,"410010","msa","Neiva",13.0,"Neiva","Neiva","Neiva"
64,"415510","msa","Pitalito",13.0,"Pitalito","Pitalito","Pitalito"
65,"440010","msa","Riohacha",14.0,"Riohacha","Riohacha","Riohacha"
66,"444300","msa","Maicao",14.0,"Maicao","Maicao","Maicao"
67,"470010","msa","Santa Marta",15.0,"Santa Marta","Santa Marta","Santa Marta"
68,"471890","msa","Ciénaga",15.0,"Ciénaga","Ciénaga","Ciénaga"
69,"472880","msa","Fundación",15.0,"Fundación","Fundación","Fundación"
70,"500010","msa","Villavicencio Met",16.0,"Villavicencio Met","Villavicencio Met","Villavicencio Met"
71,"500060","msa","Acacías",16.0,"Acacías","Acacías","Acacías"
72,"503130","msa","Granada",16.0,"Granada","Granada","Granada"
73,"520010","msa","Pasto Met",17.0,"Pasto Met","Pasto Met","Pasto Met"
74,"523560","msa","Ipiales Met",17.0,"Ipiales Met","Ipiales Met","Ipiales Met"
75,"528350","msa","San Andres de Tumaco",17.0,"San Andres de Tumaco","San Andres de Tumaco","San Andres de Tumaco"
76,"540010","msa","Cúcuta Met",18.0,"Cúcuta Met","Cúcuta Met","Cúcuta Met"
77,"544980","msa","Ocaña",18.0,"Ocaña","Ocaña","Ocaña"
78,"545180","msa","Pamplona",18.0,"Pamplona","Pamplona","Pamplona"
79,"630010","msa","Armenia Met",19.0,"Armenia Met","Armenia Met","Armenia Met"
80,"660010","msa","Pereira Met",20.0,"Pereira Met","Pereira Met","Pereira Met"
81,"680010","msa","Bucaramanga Met",21.0,"Bucaramanga Met","Bucaramanga Met","Bucaramanga Met"
82,"680810","msa","Barrancabermeja",21.0,"Barrancabermeja","Barrancabermeja","Barrancabermeja"
83,"700010","msa","Sincelejo",22.0,"Sincelejo","Sincelejo","Sincelejo"
84,"702150","msa","Corozal",22.0,"Corozal","Corozal","Corozal"
85,"730010","msa","Ibagué",23.0,"Ibagué","Ibagué","Ibagué"
86,"732680","msa","Espinal",23.0,"Espinal","Espinal","Espinal"
87,"760010","msa","Cali Met",24.0,"Cali Met","Cali Met","Cali Met"
88,"761090","msa","Buenaventura",24.0,"Buenaventura","Buenaventura","Buenaventura"
89,"761110","msa","Guadalajara de Buga",24.0,"Guadalajara de Buga","Guadalajara de Buga","Guadalajara de Buga"
90,"761470","msa","Cartago",24.0,"Cartago","Cartago","Cartago"
91,"765200","msa","Palmira",24.0,"Palmira","Palmira","Palmira"
92,"768340","msa","Tuluá Met",24.0,"Tuluá Met","Tuluá Met","Tuluá Met"
93,"810010","msa","Arauca",25.0,"Arauca","Arauca","Arauca"
94,"850010","msa","Yopal",26.0,"Yopal","Yopal","Yopal"
95,"880010","msa","San Andrés",28.0,"San Andrés","San Andrés","San Andrés"
96,"05001","municipality","Medellín",1.0,"Medellín","Medellín","Medellín"
97,"05002","municipality","Abejorral",1.0,"Abejorral","Abejorral","Abejorral"
98,"05004","municipality","Abriaquí",1.0,"Abriaquí","Abriaquí","Abriaquí"
99,"05021","municipality","Alejandría",1.0,"Alejandría","Alejandría","Alejandría"
100,"05030","municipality","Amagá",1.0,"Amagá","Amagá","Amagá"
101,"05031","municipality","Amalfi",1.0,"Amalfi","Amalfi","Amalfi"
102,"05034","municipality","Andes",1.0,"Andes","Andes","Andes"
103,"05036","municipality","Angelópolis",1.0,"Angelópolis","Angelópolis","Angelópolis"
104,"05038","municipality","Angostura",1.0,"Angostura","Angostura","Angostura"
105,"05040","municipality","Anorí",1.0,"Anorí","Anorí","Anorí"
106,"05042","municipality","Santa Fé De Antioquia",1.0,"Santa Fé De Antioquia","Santa Fé De Antioquia","Santa Fé De Antioquia"
107,"05044","municipality","Anzá",1.0,"Anzá","Anzá","Anzá"
108,"05045","municipality","Apartadó",1.0,"Apartadó","Apartadó","Apartadó"
109,"05051","municipality","Arboletes",1.0,"Arboletes","Arboletes","Arboletes"
110,"05055","municipality","Argelia",1.0,"Argelia","Argelia","Argelia"
111,"05059","municipality","Armenia",1.0,"Armenia","Armenia","Armenia"
112,"05079","municipality","Barbosa",1.0,"Barbosa","Barbosa","Barbosa"
113,"05086","municipality","Belmira",1.0,"Belmira","Belmira","Belmira"
114,"05088","municipality","Bello",1.0,"Bello","Bello","Bello"
115,"05091","municipality","Betania",1.0,"Betania","Betania","Betania"
116,"05093","municipality","Betulia",1.0,"Betulia","Betulia","Betulia"
117,"05101","municipality","Ciudad Bolívar",1.0,"Ciudad Bolívar","Ciudad Bolívar","Ciudad Bolívar"
118,"05107","municipality","Briceño",1.0,"Briceño","Briceño","Briceño"
119,"05113","municipality","Buriticá",1.0,"Buriticá","Buriticá","Buriticá"
120,"05120","municipality","Cáceres",1.0,"Cáceres","Cáceres","Cáceres"
121,"05125","municipality","Caicedo",1.0,"Caicedo","Caicedo","Caicedo"
122,"05129","municipality","Caldas",1.0,"Caldas","Caldas","Caldas"
123,"05134","municipality","Campamento",1.0,"Campamento","Campamento","Campamento"
124,"05138","municipality","Cañasgordas",1.0,"Cañasgordas","Cañasgordas","Cañasgordas"
125,"05142","municipality","Caracolí",1.0,"Caracolí","Caracolí","Caracolí"
126,"05145","municipality","Caramanta",1.0,"Caramanta","Caramanta","Caramanta"
127,"05147","municipality","Carepa",1.0,"Carepa","Carepa","Carepa"
128,"05148","municipality","El Carmen De Viboral",1.0,"El Carmen De Viboral","El Carmen De Viboral","El Carmen De Viboral"
129,"05150","municipality","Carolina",1.0,"Carolina","Carolina","Carolina"
130,"05154","municipality","Caucasia",1.0,"Caucasia","Caucasia","Caucasia"
131,"05172","municipality","Chigorodó",1.0,"Chigorodó","Chigorodó","Chigorodó"
132,"05190","municipality","Cisneros",1.0,"Cisneros","Cisneros","Cisneros"
133,"05197","municipality","Cocorná",1.0,"Cocorná","Cocorná","Cocorná"
134,"05206","municipality","Concepción",1.0,"Concepción","Concepción","Concepción"
135,"05209","municipality","Concordia",1.0,"Concordia","Concordia","Concordia"
136,"05212","municipality","Copacabana",1.0,"Copacabana","Copacabana","Copacabana"
137,"05234","municipality","Dabeiba",1.0,"Dabeiba","Dabeiba","Dabeiba"
138,"05237","municipality","Donmatías",1.0,"Donmatías","Donmatías","Donmatías"
139,"05240","municipality","Ebéjico",1.0,"Ebéjico","Ebéjico","Ebéjico"
140,"05250","municipality","El Bagre",1.0,"El Bagre","El Bagre","El Bagre"
141,"05264","municipality","Entrerríos",1.0,"Entrerríos","Entrerríos","Entrerríos"
142,"05266","municipality","Envigado",1.0,"Envigado","Envigado","Envigado"
143,"05282","municipality","Fredonia",1.0,"Fredonia","Fredonia","Fredonia"
144,"05284","municipality","Frontino",1.0,"Frontino","Frontino","Frontino"
145,"05306","municipality","Giraldo",1.0,"Giraldo","Giraldo","Giraldo"
146,"05308","municipality","Girardota",1.0,"Girardota","Girardota","Girardota"
147,"05310","municipality","Gómez Plata",1.0,"Gómez Plata","Gómez Plata","Gómez Plata"
148,"05313","municipality","Granada",1.0,"Granada","Granada","Granada"
149,"05315","municipality","Guadalupe",1.0,"Guadalupe","Guadalupe","Guadalupe"
150,"05318","municipality","Guarne",1.0,"Guarne","Guarne","Guarne"
151,"05321","municipality","Guatapé",1.0,"Guatapé","Guatapé","Guatapé"
152,"05347","municipality","Heliconia",1.0,"Heliconia","Heliconia","Heliconia"
153,"05353","municipality","Hispania",1.0,"Hispania","Hispania","Hispania"
154,"05360","municipality","Itagüí",1.0,"Itagüí","Itagüí","Itagüí"
155,"05361","municipality","Ituango",1.0,"Ituango","Ituango","Ituango"
156,"05364","municipality","Jardín",1.0,"Jardín","Jardín","Jardín"
157,"05368","municipality","Jericó",1.0,"Jericó","Jericó","Jericó"
158,"05376","municipality","La Ceja",1.0,"La Ceja","La Ceja","La Ceja"
159,"05380","municipality","La Estrella",1.0,"La Estrella","La Estrella","La Estrella"
160,"05390","municipality","La Pintada",1.0,"La Pintada","La Pintada","La Pintada"
161,"05400","municipality","La Unión",1.0,"La Unión","La Unión","La Unión"
162,"05411","municipality","Liborina",1.0,"Liborina","Liborina","Liborina"
163,"05425","municipality","Maceo",1.0,"Maceo","Maceo","Maceo"
164,"05440","municipality","Marinilla",1.0,"Marinilla","Marinilla","Marinilla"
165,"05467","municipality","Montebello",1.0,"Montebello","Montebello","Montebello"
166,"05475","municipality","Murindó",1.0,"Murindó","Murindó","Murindó"
167,"05480","municipality","Mutatá",1.0,"Mutatá","Mutatá","Mutatá"
168,"05483","municipality","Nariño",1.0,"Nariño","Nariño","Nariño"
169,"05490","municipality","Necoclí",1.0,"Necoclí","Necoclí","Necoclí"
170,"05495","municipality","Nechí",1.0,"Nechí","Nechí","Nechí"
171,"05501","municipality","Olaya",1.0,"Olaya","Olaya","Olaya"
172,"05541","municipality","Peñol",1.0,"Peñol","Peñol","Peñol"
173,"05543","municipality","Peque",1.0,"Peque","Peque","Peque"
174,"05576","municipality","Pueblorrico",1.0,"Pueblorrico","Pueblorrico","Pueblorrico"
175,"05579","municipality","Puerto Berrío",1.0,"Puerto Berrío","Puerto Berrío","Puerto Berrío"
176,"05585","municipality","Puerto Nare",1.0,"Puerto Nare","Puerto Nare","Puerto Nare"
177,"05591","municipality","Puerto Triunfo",1.0,"Puerto Triunfo","Puerto Triunfo","Puerto Triunfo"
178,"05604","municipality","Remedios",1.0,"Remedios","Remedios","Remedios"
179,"05607","municipality","Retiro",1.0,"Retiro","Retiro","Retiro"
180,"05615","municipality","Rionegro",1.0,"Rionegro","Rionegro","Rionegro"
181,"05628","municipality","Sabanalarga",1.0,"Sabanalarga","Sabanalarga","Sabanalarga"
182,"05631","municipality","Sabaneta",1.0,"Sabaneta","Sabaneta","Sabaneta"
183,"05642","municipality","Salgar",1.0,"Salgar","Salgar","Salgar"
184,"05647","municipality","San Andrés De Cuerquía",1.0,"San Andrés De Cuerquía","San Andrés De Cuerquía","San Andrés De Cuerquía"
185,"05649","municipality","San Carlos",1.0,"San Carlos","San Carlos","San Carlos"
186,"05652","municipality","San Francisco",1.0,"San Francisco","San Francisco","San Francisco"
187,"05656","municipality","San Jerónimo",1.0,"San Jerónimo","San Jerónimo","San Jerónimo"
188,"05658","municipality","San José De La Montaña",1.0,"San José De La Montaña","San José De La Montaña","San José De La Montaña"
189,"05659","municipality","San Juan De Urabá",1.0,"San Juan De Urabá","San Juan De Urabá","San Juan De Urabá"
190,"05660","municipality","San Luis",1.0,"San Luis","San Luis","San Luis"
191,"05664","municipality","San Pedro De Los Milagros",1.0,"San Pedro De Los Milagros","San Pedro De Los Milagros","San Pedro De Los Milagros"
192,"05665","municipality","San Pedro De Urabá",1.0,"San Pedro De Urabá","San Pedro De Urabá","San Pedro De Urabá"
193,"05667","municipality","San Rafael",1.0,"San Rafael","San Rafael","San Rafael"
194,"05670","municipality","San Roque",1.0,"San Roque","San Roque","San Roque"
195,"05674","municipality","San Vicente Ferrer",1.0,"San Vicente Ferrer","San Vicente Ferrer","San Vicente Ferrer"
196,"05679","municipality","Santa Bárbara",1.0,"Santa Bárbara","Santa Bárbara","Santa Bárbara"
197,"05686","municipality","Santa Rosa De Osos",1.0,"Santa Rosa De Osos","Santa Rosa De Osos","Santa Rosa De Osos"
198,"05690","municipality","Santo Domingo",1.0,"Santo Domingo","Santo Domingo","Santo Domingo"
199,"05697","municipality","El Santuario",1.0,"El Santuario","El Santuario","El Santuario"
200,"05736","municipality","Segovia",1.0,"Segovia","Segovia","Segovia"
201,"05756","municipality","Sonsón",1.0,"Sonsón","Sonsón","Sonsón"
202,"05761","municipality","Sopetrán",1.0,"Sopetrán","Sopetrán","Sopetrán"
203,"05789","municipality","Támesis",1.0,"Támesis","Támesis","Támesis"
204,"05790","municipality","Tarazá",1.0,"Tarazá","Tarazá","Tarazá"
205,"05792","municipality","Tarso",1.0,"Tarso","Tarso","Tarso"
206,"05809","municipality","Titiribí",1.0,"Titiribí","Titiribí","Titiribí"
207,"05819","municipality","Toledo",1.0,"Toledo","Toledo","Toledo"
208,"05837","municipality","Turbo",1.0,"Turbo","Turbo","Turbo"
209,"05842","municipality","Uramita",1.0,"Uramita","Uramita","Uramita"
210,"05847","municipality","Urrao",1.0,"Urrao","Urrao","Urrao"
211,"05854","municipality","Valdivia",1.0,"Valdivia","Valdivia","Valdivia"
212,"05856","municipality","Valparaíso",1.0,"Valparaíso","Valparaíso","Valparaíso"
213,"05858","municipality","Vegachí",1.0,"Vegachí","Vegachí","Vegachí"
214,"05861","municipality","Venecia",1.0,"Venecia","Venecia","Venecia"
215,"05873","municipality","Vigía Del Fuerte",1.0,"Vigía Del Fuerte","Vigía Del Fuerte","Vigía Del Fuerte"
216,"05885","municipality","Yalí",1.0,"Yalí","Yalí","Yalí"
217,"05887","municipality","Yarumal",1.0,"Yarumal","Yarumal","Yarumal"
218,"05890","municipality","Yolombó",1.0,"Yolombó","Yolombó","Yolombó"
219,"05893","municipality","Yondó",1.0,"Yondó","Yondó","Yondó"
220,"05895","municipality","Zaragoza",1.0,"Zaragoza","Zaragoza","Zaragoza"
221,"08001","municipality","Barranquilla",2.0,"Barranquilla","Barranquilla","Barranquilla"
222,"08078","municipality","Baranoa",2.0,"Baranoa","Baranoa","Baranoa"
223,"08137","municipality","Campo De La Cruz",2.0,"Campo De La Cruz","Campo De La Cruz","Campo De La Cruz"
224,"08141","municipality","Candelaria",2.0,"Candelaria","Candelaria","Candelaria"
225,"08296","municipality","Galapa",2.0,"Galapa","Galapa","Galapa"
226,"08372","municipality","Juan De Acosta",2.0,"Juan De Acosta","Juan De Acosta","Juan De Acosta"
227,"08421","municipality","Luruaco",2.0,"Luruaco","Luruaco","Luruaco"
228,"08433","municipality","Malambo",2.0,"Malambo","Malambo","Malambo"
229,"08436","municipality","Manatí",2.0,"Manatí","Manatí","Manatí"
230,"08520","municipality","Palmar De Varela",2.0,"Palmar De Varela","Palmar De Varela","Palmar De Varela"
231,"08549","municipality","Piojó",2.0,"Piojó","Piojó","Piojó"
232,"08558","municipality","Polonuevo",2.0,"Polonuevo","Polonuevo","Polonuevo"
233,"08560","municipality","Ponedera",2.0,"Ponedera","Ponedera","Ponedera"
234,"08573","municipality","Puerto Colombia",2.0,"Puerto Colombia","Puerto Colombia","Puerto Colombia"
235,"08606","municipality","Repelón",2.0,"Repelón","Repelón","Repelón"
236,"08634","municipality","Sabanagrande",2.0,"Sabanagrande","Sabanagrande","Sabanagrande"
237,"08638","municipality","Sabanalarga",2.0,"Sabanalarga","Sabanalarga","Sabanalarga"
238,"08675","municipality","Santa Lucía",2.0,"Santa Lucía","Santa Lucía","Santa Lucía"
239,"08685","municipality","Santo Tomás",2.0,"Santo Tomás","Santo Tomás","Santo Tomás"
240,"08758","municipality","Soledad",2.0,"Soledad","Soledad","Soledad"
241,"08770","municipality","Suan",2.0,"Suan","Suan","Suan"
242,"08832","municipality","Tubará",2.0,"Tubará","Tubará","Tubará"
243,"08849","municipality","Usiacurí",2.0,"Usiacurí","Usiacurí","Usiacurí"
244,"11001","municipality","Bogotá, D.C.",3.0,"Bogotá, D.C.","Bogotá, D.C.","Bogotá, D.C."
245,"13001","municipality","Cartagena De Indias",4.0,"Cartagena De Indias","Cartagena De Indias","Cartagena De Indias"
246,"13006","municipality","Achí",4.0,"Achí","Achí","Achí"
247,"13030","municipality","Altos Del Rosario",4.0,"Altos Del Rosario","Altos Del Rosario","Altos Del Rosario"
248,"13042","municipality","Arenal",4.0,"Arenal","Arenal","Arenal"
249,"13052","municipality","Arjona",4.0,"Arjona","Arjona","Arjona"
250,"13062","municipality","Arroyohondo",4.0,"Arroyohondo","Arroyohondo","Arroyohondo"
251,"13074","municipality","Barranco De Loba",4.0,"Barranco De Loba","Barranco De Loba","Barranco De Loba"
252,"13140","municipality","Calamar",4.0,"Calamar","Calamar","Calamar"
253,"13160","municipality","Cantagallo",4.0,"Cantagallo","Cantagallo","Cantagallo"
254,"13188","municipality","Cicuco",4.0,"Cicuco","Cicuco","Cicuco"
255,"13212","municipality","Córdoba",4.0,"Córdoba","Córdoba","Córdoba"
256,"13222","municipality","Clemencia",4.0,"Clemencia","Clemencia","Clemencia"
257,"13244","municipality","El Carmen De Bolívar",4.0,"El Carmen De Bolívar","El Carmen De Bolívar","El Carmen De Bolívar"
258,"13248","municipality","El Guamo",4.0,"El Guamo","El Guamo","El Guamo"
259,"13268","municipality","El Peñón",4.0,"El Peñón","El Peñón","El Peñón"
260,"13300","municipality","Hatillo De Loba",4.0,"Hatillo De Loba","Hatillo De Loba","Hatillo De Loba"
261,"13430","municipality","Magangué",4.0,"Magangué","Magangué","Magangué"
262,"13433","municipality","Mahates",4.0,"Mahates","Mahates","Mahates"
263,"13440","municipality","Margarita",4.0,"Margarita","Margarita","Margarita"
264,"13442","municipality","María La Baja",4.0,"María La Baja","María La Baja","María La Baja"
265,"13458","municipality","Montecristo",4.0,"Montecristo","Montecristo","Montecristo"
266,"13468","municipality","Mompós",4.0,"Mompós","Mompós","Mompós"
267,"13473","municipality","Morales",4.0,"Morales","Morales","Morales"
268,"13490","municipality","Norosí",4.0,"Norosí","Norosí","Norosí"
269,"13549","municipality","Pinillos",4.0,"Pinillos","Pinillos","Pinillos"
270,"13580","municipality","Regidor",4.0,"Regidor","Regidor","Regidor"
271,"13600","municipality","Río Viejo",4.0,"Río Viejo","Río Viejo","Río Viejo"
272,"13620","municipality","San Cristóbal",4.0,"San Cristóbal","San Cristóbal","San Cristóbal"
273,"13647","municipality","San Estanislao",4.0,"San Estanislao","San Estanislao","San Estanislao"
274,"13650","municipality","San Fernando",4.0,"San Fernando","San Fernando","San Fernando"
275,"13654","municipality","San Jacinto",4.0,"San Jacinto","San Jacinto","San Jacinto"
276,"13655","municipality","San Jacinto Del Cauca",4.0,"San Jacinto Del Cauca","San Jacinto Del Cauca","San Jacinto Del Cauca"
277,"13657","municipality","San Juan Nepomuceno",4.0,"San Juan Nepomuceno","San Juan Nepomuceno","San Juan Nepomuceno"
278,"13667","municipality","San Martín De Loba",4.0,"San Martín De Loba","San Martín De Loba","San Martín De Loba"
279,"13670","municipality","San Pablo",4.0,"San Pablo","San Pablo","San Pablo"
280,"13673","municipality","Santa Catalina",4.0,"Santa Catalina","Santa Catalina","Santa Catalina"
281,"13683","municipality","Santa Rosa",4.0,"Santa Rosa","Santa Rosa","Santa Rosa"
282,"13688","municipality","Santa Rosa Del Sur",4.0,"Santa Rosa Del Sur","Santa Rosa Del Sur","Santa Rosa Del Sur"
283,"13744","municipality","Simití",4.0,"Simití","Simití","Simití"
284,"13760","municipality","Soplaviento",4.0,"Soplaviento","Soplaviento","Soplaviento"
285,"13780","municipality","Talaigua Nuevo",4.0,"Talaigua Nuevo","Talaigua Nuevo","Talaigua Nuevo"
286,"13810","municipality","Tiquisio",4.0,"Tiquisio","Tiquisio","Tiquisio"
287,"13836","municipality","Turbaco",4.0,"Turbaco","Turbaco","Turbaco"
288,"13838","municipality","Turbaná",4.0,"Turbaná","Turbaná","Turbaná"
289,"13873","municipality","Villanueva",4.0,"Villanueva","Villanueva","Villanueva"
290,"13894","municipality","Zambrano",4.0,"Zambrano","Zambrano","Zambrano"
291,"15001","municipality","Tunja",5.0,"Tunja","Tunja","Tunja"
292,"15022","municipality","Almeida",5.0,"Almeida","Almeida","Almeida"
293,"15047","municipality","Aquitania",5.0,"Aquitania","Aquitania","Aquitania"
294,"15051","municipality","Arcabuco",5.0,"Arcabuco","Arcabuco","Arcabuco"
295,"15087","municipality","Belén",5.0,"Belén","Belén","Belén"
296,"15090","municipality","Berbeo",5.0,"Berbeo","Berbeo","Berbeo"
297,"15092","municipality","Betéitiva",5.0,"Betéitiva","Betéitiva","Betéitiva"
298,"15097","municipality","Boavita",5.0,"Boavita","Boavita","Boavita"
299,"15104","municipality","Boyacá",5.0,"Boyacá","Boyacá","Boyacá"
300,"15106","municipality","Briceño",5.0,"Briceño","Briceño","Briceño"
301,"15109","municipality","Buenavista",5.0,"Buenavista","Buenavista","Buenavista"
302,"15114","municipality","Busbanzá",5.0,"Busbanzá","Busbanzá","Busbanzá"
303,"15131","municipality","Caldas",5.0,"Caldas","Caldas","Caldas"
304,"15135","municipality","Campohermoso",5.0,"Campohermoso","Campohermoso","Campohermoso"
305,"15162","municipality","Cerinza",5.0,"Cerinza","Cerinza","Cerinza"
306,"15172","municipality","Chinavita",5.0,"Chinavita","Chinavita","Chinavita"
307,"15176","municipality","Chiquinquirá",5.0,"Chiquinquirá","Chiquinquirá","Chiquinquirá"
308,"15180","municipality","Chiscas",5.0,"Chiscas","Chiscas","Chiscas"
309,"15183","municipality","Chita",5.0,"Chita","Chita","Chita"
310,"15185","municipality","Chitaraque",5.0,"Chitaraque","Chitaraque","Chitaraque"
311,"15187","municipality","Chivatá",5.0,"Chivatá","Chivatá","Chivatá"
312,"15189","municipality","Ciénega",5.0,"Ciénega","Ciénega","Ciénega"
313,"15204","municipality","Cómbita",5.0,"Cómbita","Cómbita","Cómbita"
314,"15212","municipality","Coper",5.0,"Coper","Coper","Coper"
315,"15215","municipality","Corrales",5.0,"Corrales","Corrales","Corrales"
316,"15218","municipality","Covarachía",5.0,"Covarachía","Covarachía","Covarachía"
317,"15223","municipality","Cubará",5.0,"Cubará","Cubará","Cubará"
318,"15224","municipality","Cucaita",5.0,"Cucaita","Cucaita","Cucaita"
319,"15226","municipality","Cuítiva",5.0,"Cuítiva","Cuítiva","Cuítiva"
320,"15232","municipality","Chíquiza",5.0,"Chíquiza","Chíquiza","Chíquiza"
321,"15236","municipality","Chivor",5.0,"Chivor","Chivor","Chivor"
322,"15238","municipality","Duitama",5.0,"Duitama","Duitama","Duitama"
323,"15244","municipality","El Cocuy",5.0,"El Cocuy","El Cocuy","El Cocuy"
324,"15248","municipality","El Espino",5.0,"El Espino","El Espino","El Espino"
325,"15272","municipality","Firavitoba",5.0,"Firavitoba","Firavitoba","Firavitoba"
326,"15276","municipality","Floresta",5.0,"Floresta","Floresta","Floresta"
327,"15293","municipality","Gachantivá",5.0,"Gachantivá","Gachantivá","Gachantivá"
328,"15296","municipality","Gámeza",5.0,"Gámeza","Gámeza","Gámeza"
329,"15299","municipality","Garagoa",5.0,"Garagoa","Garagoa","Garagoa"
330,"15317","municipality","Guacamayas",5.0,"Guacamayas","Guacamayas","Guacamayas"
331,"15322","municipality","Guateque",5.0,"Guateque","Guateque","Guateque"
332,"15325","municipality","Guayatá",5.0,"Guayatá","Guayatá","Guayatá"
333,"15332","municipality","Güicán De La Sierra",5.0,"Güicán De La Sierra","Güicán De La Sierra","Güicán De La Sierra"
334,"15362","municipality","Iza",5.0,"Iza","Iza","Iza"
335,"15367","municipality","Jenesano",5.0,"Jenesano","Jenesano","Jenesano"
336,"15368","municipality","Jericó",5.0,"Jericó","Jericó","Jericó"
337,"15377","municipality","Labranzagrande",5.0,"Labranzagrande","Labranzagrande","Labranzagrande"
338,"15380","municipality","La Capilla",5.0,"La Capilla","La Capilla","La Capilla"
339,"15401","municipality","La Victoria",5.0,"La Victoria","La Victoria","La Victoria"
340,"15403","municipality","La Uvita",5.0,"La Uvita","La Uvita","La Uvita"
341,"15407","municipality","Villa De Leyva",5.0,"Villa De Leyva","Villa De Leyva","Villa De Leyva"
342,"15425","municipality","Macanal",5.0,"Macanal","Macanal","Macanal"
343,"15442","municipality","Maripí",5.0,"Maripí","Maripí","Maripí"
344,"15455","municipality","Miraflores",5.0,"Miraflores","Miraflores","Miraflores"
345,"15464","municipality","Mongua",5.0,"Mongua","Mongua","Mongua"
346,"15466","municipality","Monguí",5.0,"Monguí","Monguí","Monguí"
347,"15469","municipality","Moniquirá",5.0,"Moniquirá","Moniquirá","Moniquirá"
348,"15476","municipality","Motavita",5.0,"Motavita","Motavita","Motavita"
349,"15480","municipality","Muzo",5.0,"Muzo","Muzo","Muzo"
350,"15491","municipality","Nobsa",5.0,"Nobsa","Nobsa","Nobsa"
351,"15494","municipality","Nuevo Colón",5.0,"Nuevo Colón","Nuevo Colón","Nuevo Colón"
352,"15500","municipality","Oicatá",5.0,"Oicatá","Oicatá","Oicatá"
353,"15507","municipality","Otanche",5.0,"Otanche","Otanche","Otanche"
354,"15511","municipality","Pachavita",5.0,"Pachavita","Pachavita","Pachavita"
355,"15514","municipality","Páez",5.0,"Páez","Páez","Páez"
356,"15516","municipality","Paipa",5.0,"Paipa","Paipa","Paipa"
357,"15518","municipality","Pajarito",5.0,"Pajarito","Pajarito","Pajarito"
358,"15522","municipality","Panqueba",5.0,"Panqueba","Panqueba","Panqueba"
359,"15531","municipality","Pauna",5.0,"Pauna","Pauna","Pauna"
360,"15533","municipality","Paya",5.0,"Paya","Paya","Paya"
361,"15537","municipality","Paz De Río",5.0,"Paz De Río","Paz De Río","Paz De Río"
362,"15542","municipality","Pesca",5.0,"Pesca","Pesca","Pesca"
363,"15550","municipality","Pisba",5.0,"Pisba","Pisba","Pisba"
364,"15572","municipality","Puerto Boyacá",5.0,"Puerto Boyacá","Puerto Boyacá","Puerto Boyacá"
365,"15580","municipality","Quípama",5.0,"Quípama","Quípama","Quípama"
366,"15599","municipality","Ramiriquí",5.0,"Ramiriquí","Ramiriquí","Ramiriquí"
367,"15600","municipality","Ráquira",5.0,"Ráquira","Ráquira","Ráquira"
368,"15621","municipality","Rondón",5.0,"Rondón","Rondón","Rondón"
369,"15632","municipality","Saboyá",5.0,"Saboyá","Saboyá","Saboyá"
370,"15638","municipality","Sáchica",5.0,"Sáchica","Sáchica","Sáchica"
371,"15646","municipality","Samacá",5.0,"Samacá","Samacá","Samacá"
372,"15660","municipality","San Eduardo",5.0,"San Eduardo","San Eduardo","San Eduardo"
373,"15664","municipality","San José De Pare",5.0,"San José De Pare","San José De Pare","San José De Pare"
374,"15667","municipality","San Luis De Gaceno",5.0,"San Luis De Gaceno","San Luis De Gaceno","San Luis De Gaceno"
375,"15673","municipality","San Mateo",5.0,"San Mateo","San Mateo","San Mateo"
376,"15676","municipality","San Miguel De Sema",5.0,"San Miguel De Sema","San Miguel De Sema","San Miguel De Sema"
377,"15681","municipality","San Pablo De Borbur",5.0,"San Pablo De Borbur","San Pablo De Borbur","San Pablo De Borbur"
378,"15686","municipality","Santana",5.0,"Santana","Santana","Santana"
379,"15690","municipality","Santa María",5.0,"Santa María","Santa María","Santa María"
380,"15693","municipality","Santa Rosa De Viterbo",5.0,"Santa Rosa De Viterbo","Santa Rosa De Viterbo","Santa Rosa De Viterbo"
381,"15696","municipality","Santa Sofía",5.0,"Santa Sofía","Santa Sofía","Santa Sofía"
382,"15720","municipality","Sativanorte",5.0,"Sativanorte","Sativanorte","Sativanorte"
383,"15723","municipality","Sativasur",5.0,"Sativasur","Sativasur","Sativasur"
384,"15740","municipality","Siachoque",5.0,"Siachoque","Siachoque","Siachoque"
385,"15753","municipality","Soatá",5.0,"Soatá","Soatá","Soatá"
386,"15755","municipality","Socotá",5.0,"Socotá","Socotá","Socotá"
387,"15757","municipality","Socha",5.0,"Socha","Socha","Socha"
388,"15759","municipality","Sogamoso",5.0,"Sogamoso","Sogamoso","Sogamoso"
389,"15761","municipality","Somondoco",5.0,"Somondoco","Somondoco","Somondoco"
390,"15762","municipality","Sora",5.0,"Sora","Sora","Sora"
391,"15763","municipality","Sotaquirá",5.0,"Sotaquirá","Sotaquirá","Sotaquirá"
392,"15764","municipality","Soracá",5.0,"Soracá","Soracá","Soracá"
393,"15774","municipality","Susacón",5.0,"Susacón","Susacón","Susacón"
394,"15776","municipality","Sutamarchán",5.0,"Sutamarchán","Sutamarchán","Sutamarchán"
395,"15778","municipality","Sutatenza",5.0,"Sutatenza","Sutatenza","Sutatenza"
396,"15790","municipality","Tasco",5.0,"Tasco","Tasco","Tasco"
397,"15798","municipality","Tenza",5.0,"Tenza","Tenza","Tenza"
398,"15804","municipality","Tibaná",5.0,"Tibaná","Tibaná","Tibaná"
399,"15806","municipality","Tibasosa",5.0,"Tibasosa","Tibasosa","Tibasosa"
400,"15808","municipality","Tinjacá",5.0,"Tinjacá","Tinjacá","Tinjacá"
401,"15810","municipality","Tipacoque",5.0,"Tipacoque","Tipacoque","Tipacoque"
402,"15814","municipality","Toca",5.0,"Toca","Toca","Toca"
403,"15816","municipality","Togüí",5.0,"Togüí","Togüí","Togüí"
404,"15820","municipality","Tópaga",5.0,"Tópaga","Tópaga","Tópaga"
405,"15822","municipality","Tota",5.0,"Tota","Tota","Tota"
406,"15832","municipality","Tununguá",5.0,"Tununguá","Tununguá","Tununguá"
407,"15835","municipality","Turmequé",5.0,"Turmequé","Turmequé","Turmequé"
408,"15837","municipality","Tuta",5.0,"Tuta","Tuta","Tuta"
409,"15839","municipality","Tutazá",5.0,"Tutazá","Tutazá","Tutazá"
410,"15842","municipality","Úmbita",5.0,"Úmbita","Úmbita","Úmbita"
411,"15861","municipality","Ventaquemada",5.0,"Ventaquemada","Ventaquemada","Ventaquemada"
412,"15879","municipality","Viracachá",5.0,"Viracachá","Viracachá","Viracachá"
413,"15897","municipality","Zetaquira",5.0,"Zetaquira","Zetaquira","Zetaquira"
414,"17001","municipality","Manizales",6.0,"Manizales","Manizales","Manizales"
415,"17013","municipality","Aguadas",6.0,"Aguadas","Aguadas","Aguadas"
416,"17042","municipality","Anserma",6.0,"Anserma","Anserma","Anserma"
417,"17050","municipality","Aranzazu",6.0,"Aranzazu","Aranzazu","Aranzazu"
418,"17088","municipality","Belalcázar",6.0,"Belalcázar","Belalcázar","Belalcázar"
419,"17174","municipality","Chinchiná",6.0,"Chinchiná","Chinchiná","Chinchiná"
420,"17272","municipality","Filadelfia",6.0,"Filadelfia","Filadelfia","Filadelfia"
421,"17380","municipality","La Dorada",6.0,"La Dorada","La Dorada","La Dorada"
422,"17388","municipality","La Merced",6.0,"La Merced","La Merced","La Merced"
423,"17433","municipality","Manzanares",6.0,"Manzanares","Manzanares","Manzanares"
424,"17442","municipality","Marmato",6.0,"Marmato","Marmato","Marmato"
425,"17444","municipality","Marquetalia",6.0,"Marquetalia","Marquetalia","Marquetalia"
426,"17446","municipality","Marulanda",6.0,"Marulanda","Marulanda","Marulanda"
427,"17486","municipality","Neira",6.0,"Neira","Neira","Neira"
428,"17495","municipality","Norcasia",6.0,"Norcasia","Norcasia","Norcasia"
429,"17513","municipality","Pácora",6.0,"Pácora","Pácora","Pácora"
430,"17524","municipality","Palestina",6.0,"Palestina","Palestina","Palestina"
431,"17541","municipality","Pensilvania",6.0,"Pensilvania","Pensilvania","Pensilvania"
432,"17614","municipality","Riosucio",6.0,"Riosucio","Riosucio","Riosucio"
433,"17616","municipality","Risaralda",6.0,"Risaralda","Risaralda","Risaralda"
434,"17653","municipality","Salamina",6.0,"Salamina","Salamina","Salamina"
435,"17662","municipality","Samaná",6.0,"Samaná","Samaná","Samaná"
436,"17665","municipality","San José",6.0,"San José","San José","San José"
437,"17777","municipality","Supía",6.0,"Supía","Supía","Supía"
438,"17867","municipality","Victoria",6.0,"Victoria","Victoria","Victoria"
439,"17873","municipality","Villamaría",6.0,"Villamaría","Villamaría","Villamaría"
440,"17877","municipality","Viterbo",6.0,"Viterbo","Viterbo","Viterbo"
441,"18001","municipality","Florencia",7.0,"Florencia","Florencia","Florencia"
442,"18029","municipality","Albania",7.0,"Albania","Albania","Albania"
443,"18094","municipality","Belén De Los Andaquíes",7.0,"Belén De Los Andaquíes","Belén De Los Andaquíes","Belén De Los Andaquíes"
444,"18150","municipality","Cartagena Del Chairá",7.0,"Cartagena Del Chairá","Cartagena Del Chairá","Cartagena Del Chairá"
445,"18205","municipality","Curillo",7.0,"Curillo","Curillo","Curillo"
446,"18247","municipality","El Doncello",7.0,"El Doncello","El Doncello","El Doncello"
447,"18256","municipality","El Paujíl",7.0,"El Paujíl","El Paujíl","El Paujíl"
448,"18410","municipality","La Montañita",7.0,"La Montañita","La Montañita","La Montañita"
449,"18460","municipality","Milán",7.0,"Milán","Milán","Milán"
450,"18479","municipality","Morelia",7.0,"Morelia","Morelia","Morelia"
451,"18592","municipality","Puerto Rico",7.0,"Puerto Rico","Puerto Rico","Puerto Rico"
452,"18610","municipality","San José Del Fragua",7.0,"San José Del Fragua","San José Del Fragua","San José Del Fragua"
453,"18753","municipality","San Vicente Del Caguán",7.0,"San Vicente Del Caguán","San Vicente Del Caguán","San Vicente Del Caguán"
454,"18756","municipality","Solano",7.0,"Solano","Solano","Solano"
455,"18785","municipality","Solita",7.0,"Solita","Solita","Solita"
456,"18860","municipality","Valparaíso",7.0,"Valparaíso","Valparaíso","Valparaíso"
457,"19001","municipality","Popayán",8.0,"Popayán","Popayán","Popayán"
458,"19022","municipality","Almaguer",8.0,"Almaguer","Almaguer","Almaguer"
459,"19050","municipality","Argelia",8.0,"Argelia","Argelia","Argelia"
460,"19075","municipality","Balboa",8.0,"Balboa","Balboa","Balboa"
461,"19100","municipality","Bolívar",8.0,"Bolívar","Bolívar","Bolívar"
462,"19110","municipality","Buenos Aires",8.0,"Buenos Aires","Buenos Aires","Buenos Aires"
463,"19130","municipality","Cajibío",8.0,"Cajibío","Cajibío","Cajibío"
464,"19137","municipality","Caldono",8.0,"Caldono","Caldono","Caldono"
465,"19142","municipality","Caloto",8.0,"Caloto","Caloto","Caloto"
466,"19212","municipality","Corinto",8.0,"Corinto","Corinto","Corinto"
467,"19256","municipality","El Tambo",8.0,"El Tambo","El Tambo","El Tambo"
468,"19290","municipality","Florencia",8.0,"Florencia","Florencia","Florencia"
469,"19300","municipality","Guachené",8.0,"Guachené","Guachené","Guachené"
470,"19318","municipality","Guapí",8.0,"Guapí","Guapí","Guapí"
471,"19355","municipality","Inzá",8.0,"Inzá","Inzá","Inzá"
472,"19364","municipality","Jambaló",8.0,"Jambaló","Jambaló","Jambaló"
473,"19392","municipality","La Sierra",8.0,"La Sierra","La Sierra","La Sierra"
474,"19397","municipality","La Vega",8.0,"La Vega","La Vega","La Vega"
475,"19418","municipality","López De Micay",8.0,"López De Micay","López De Micay","López De Micay"
476,"19450","municipality","Mercaderes",8.0,"Mercaderes","Mercaderes","Mercaderes"
477,"19455","municipality","Miranda",8.0,"Miranda","Miranda","Miranda"
478,"19473","municipality","Morales",8.0,"Morales","Morales","Morales"
479,"19513","municipality","Padilla",8.0,"Padilla","Padilla","Padilla"
480,"19517","municipality","Páez",8.0,"Páez","Páez","Páez"
481,"19532","municipality","Patía",8.0,"Patía","Patía","Patía"
482,"19533","municipality","Piamonte",8.0,"Piamonte","Piamonte","Piamonte"
483,"19548","municipality","Piendamó",8.0,"Piendamó","Piendamó","Piendamó"
484,"19573","municipality","Puerto Tejada",8.0,"Puerto Tejada","Puerto Tejada","Puerto Tejada"
485,"19585","municipality","Puracé",8.0,"Puracé","Puracé","Puracé"
486,"19622","municipality","Rosas",8.0,"Rosas","Rosas","Rosas"
487,"19693","municipality","San Sebastián",8.0,"San Sebastián","San Sebastián","San Sebastián"
488,"19698","municipality","Santander De Quilichao",8.0,"Santander De Quilichao","Santander De Quilichao","Santander De Quilichao"
489,"19701","municipality","Santa Rosa",8.0,"Santa Rosa","Santa Rosa","Santa Rosa"
490,"19743","municipality","Silvia",8.0,"Silvia","Silvia","Silvia"
491,"19760","municipality","Sotara",8.0,"Sotara","Sotara","Sotara"
492,"19780","municipality","Suárez",8.0,"Suárez","Suárez","Suárez"
493,"19785","municipality","Sucre",8.0,"Sucre","Sucre","Sucre"
494,"19807","municipality","Timbío",8.0,"Timbío","Timbío","Timbío"
495,"19809","municipality","Timbiquí",8.0,"Timbiquí","Timbiquí","Timbiquí"
496,"19821","municipality","Toribío",8.0,"Toribío","Toribío","Toribío"
497,"19824","municipality","Totoró",8.0,"Totoró","Totoró","Totoró"
498,"19845","municipality","Villa Rica",8.0,"Villa Rica","Villa Rica","Villa Rica"
499,"20001","municipality","Valledupar",9.0,"Valledupar","Valledupar","Valledupar"
500,"20011","municipality","Aguachica",9.0,"Aguachica","Aguachica","Aguachica"
501,"20013","municipality","Agustín Codazzi",9.0,"Agustín Codazzi","Agustín Codazzi","Agustín Codazzi"
502,"20032","municipality","Astrea",9.0,"Astrea","Astrea","Astrea"
503,"20045","municipality","Becerril",9.0,"Becerril","Becerril","Becerril"
504,"20060","municipality","Bosconia",9.0,"Bosconia","Bosconia","Bosconia"
505,"20175","municipality","Chimichagua",9.0,"Chimichagua","Chimichagua","Chimichagua"
506,"20178","municipality","Chiriguaná",9.0,"Chiriguaná","Chiriguaná","Chiriguaná"
507,"20228","municipality","Curumaní",9.0,"Curumaní","Curumaní","Curumaní"
508,"20238","municipality","El Copey",9.0,"El Copey","El Copey","El Copey"
509,"20250","municipality","El Paso",9.0,"El Paso","El Paso","El Paso"
510,"20295","municipality","Gamarra",9.0,"Gamarra","Gamarra","Gamarra"
511,"20310","municipality","González",9.0,"González","González","González"
512,"20383","municipality","La Gloria",9.0,"La Gloria","La Gloria","La Gloria"
513,"20400","municipality","La Jagua De Ibirico",9.0,"La Jagua De Ibirico","La Jagua De Ibirico","La Jagua De Ibirico"
514,"20443","municipality","Manaure Balcón Del Cesar",9.0,"Manaure Balcón Del Cesar","Manaure Balcón Del Cesar","Manaure Balcón Del Cesar"
515,"20517","municipality","Pailitas",9.0,"Pailitas","Pailitas","Pailitas"
516,"20550","municipality","Pelaya",9.0,"Pelaya","Pelaya","Pelaya"
517,"20570","municipality","Pueblo Bello",9.0,"Pueblo Bello","Pueblo Bello","Pueblo Bello"
518,"20614","municipality","Río De Oro",9.0,"Río De Oro","Río De Oro","Río De Oro"
519,"20621","municipality","La Paz",9.0,"La Paz","La Paz","La Paz"
520,"20710","municipality","San Alberto",9.0,"San Alberto","San Alberto","San Alberto"
521,"20750","municipality","San Diego",9.0,"San Diego","San Diego","San Diego"
522,"20770","municipality","San Martín",9.0,"San Martín","San Martín","San Martín"
523,"20787","municipality","Tamalameque",9.0,"Tamalameque","Tamalameque","Tamalameque"
524,"23001","municipality","Montería",10.0,"Montería","Montería","Montería"
525,"23068","municipality","Ayapel",10.0,"Ayapel","Ayapel","Ayapel"
526,"23079","municipality","Buenavista",10.0,"Buenavista","Buenavista","Buenavista"
527,"23090","municipality","Canalete",10.0,"Canalete","Canalete","Canalete"
528,"23162","municipality","Cereté",10.0,"Cereté","Cereté","Cereté"
529,"23168","municipality","Chimá",10.0,"Chimá","Chimá","Chimá"
530,"23182","municipality","Chinú",10.0,"Chinú","Chinú","Chinú"
531,"23189","municipality","Ciénaga De Oro",10.0,"Ciénaga De Oro","Ciénaga De Oro","Ciénaga De Oro"
532,"23300","municipality","Cotorra",10.0,"Cotorra","Cotorra","Cotorra"
533,"23350","municipality","La Apartada",10.0,"La Apartada","La Apartada","La Apartada"
534,"23417","municipality","Lorica",10.0,"Lorica","Lorica","Lorica"
535,"23419","municipality","Los Córdobas",10.0,"Los Córdobas","Los Córdobas","Los Córdobas"
536,"23464","municipality","Momil",10.0,"Momil","Momil","Momil"
537,"23466","municipality","Montelíbano",10.0,"Montelíbano","Montelíbano","Montelíbano"
538,"23500","municipality","Moñitos",10.0,"Moñitos","Moñitos","Moñitos"
539,"23555","municipality","Planeta Rica",10.0,"Planeta Rica","Planeta Rica","Planeta Rica"
540,"23570","municipality","Pueblo Nuevo",10.0,"Pueblo Nuevo","Pueblo Nuevo","Pueblo Nuevo"
541,"23574","municipality","Puerto Escondido",10.0,"Puerto Escondido","Puerto Escondido","Puerto Escondido"
542,"23580","municipality","Puerto Libertador",10.0,"Puerto Libertador","Puerto Libertador","Puerto Libertador"
543,"23586","municipality","Purísima De La Concepción",10.0,"Purísima De La Concepción","Purísima De La Concepción","Purísima De La Concepción"
544,"23660","municipality","Sahagún",10.0,"Sahagún","Sahagún","Sahagún"
545,"23670","municipality","San Andrés De Sotavento",10.0,"San Andrés De Sotavento","San Andrés De Sotavento","San Andrés De Sotavento"
546,"23672","municipality","San Antero",10.0,"San Antero","San Antero","San Antero"
547,"23675","municipality","San Bernardo Del Viento",10.0,"San Bernardo Del Viento","San Bernardo Del Viento","San Bernardo Del Viento"
548,"23678","municipality","San Carlos",10.0,"San Carlos","San Carlos","San Carlos"
549,"23682","municipality","San José De Uré",10.0,"San José De Uré","San José De Uré","San José De Uré"
550,"23686","municipality","San Pelayo",10.0,"San Pelayo","San Pelayo","San Pelayo"
551,"23807","municipality","Tierralta",10.0,"Tierralta","Tierralta","Tierralta"
552,"23815","municipality","Tuchín",10.0,"Tuchín","Tuchín","Tuchín"
553,"23855","municipality","Valencia",10.0,"Valencia","Valencia","Valencia"
554,"25001","municipality","Agua De Dios",11.0,"Agua De Dios","Agua De Dios","Agua De Dios"
555,"25019","municipality","Albán",11.0,"Albán","Albán","Albán"
556,"25035","municipality","Anapoima",11.0,"Anapoima","Anapoima","Anapoima"
557,"25040","municipality","Anolaima",11.0,"Anolaima","Anolaima","Anolaima"
558,"25053","municipality","Arbeláez",11.0,"Arbeláez","Arbeláez","Arbeláez"
559,"25086","municipality","Beltrán",11.0,"Beltrán","Beltrán","Beltrán"
560,"25095","municipality","Bituima",11.0,"Bituima","Bituima","Bituima"
561,"25099","municipality","Bojacá",11.0,"Bojacá","Bojacá","Bojacá"
562,"25120","municipality","Cabrera",11.0,"Cabrera","Cabrera","Cabrera"
563,"25123","municipality","Cachipay",11.0,"Cachipay","Cachipay","Cachipay"
564,"25126","municipality","Cajicá",11.0,"Cajicá","Cajicá","Cajicá"
565,"25148","municipality","Caparrapí",11.0,"Caparrapí","Caparrapí","Caparrapí"
566,"25151","municipality","Cáqueza",11.0,"Cáqueza","Cáqueza","Cáqueza"
567,"25154","municipality","Carmen De Carupa",11.0,"Carmen De Carupa","Carmen De Carupa","Carmen De Carupa"
568,"25168","municipality","Chaguaní",11.0,"Chaguaní","Chaguaní","Chaguaní"
569,"25175","municipality","Chía",11.0,"Chía","Chía","Chía"
570,"25178","municipality","Chipaque",11.0,"Chipaque","Chipaque","Chipaque"
571,"25181","municipality","Choachí",11.0,"Choachí","Choachí","Choachí"
572,"25183","municipality","Chocontá",11.0,"Chocontá","Chocontá","Chocontá"
573,"25200","municipality","Cogua",11.0,"Cogua","Cogua","Cogua"
574,"25214","municipality","Cota",11.0,"Cota","Cota","Cota"
575,"25224","municipality","Cucunubá",11.0,"Cucunubá","Cucunubá","Cucunubá"
576,"25245","municipality","El Colegio",11.0,"El Colegio","El Colegio","El Colegio"
577,"25258","municipality","El Peñón",11.0,"El Peñón","El Peñón","El Peñón"
578,"25260","municipality","El Rosal",11.0,"El Rosal","El Rosal","El Rosal"
579,"25269","municipality","Facatativá",11.0,"Facatativá","Facatativá","Facatativá"
580,"25279","municipality","Fómeque",11.0,"Fómeque","Fómeque","Fómeque"
581,"25281","municipality","Fosca",11.0,"Fosca","Fosca","Fosca"
582,"25286","municipality","Funza",11.0,"Funza","Funza","Funza"
583,"25288","municipality","Fúquene",11.0,"Fúquene","Fúquene","Fúquene"
584,"25290","municipality","Fusagasugá",11.0,"Fusagasugá","Fusagasugá","Fusagasugá"
585,"25293","municipality","Gachalá",11.0,"Gachalá","Gachalá","Gachalá"
586,"25295","municipality","Gachancipá",11.0,"Gachancipá","Gachancipá","Gachancipá"
587,"25297","municipality","Gachetá",11.0,"Gachetá","Gachetá","Gachetá"
588,"25299","municipality","Gama",11.0,"Gama","Gama","Gama"
589,"25307","municipality","Girardot",11.0,"Girardot","Girardot","Girardot"
590,"25312","municipality","Granada",11.0,"Granada","Granada","Granada"
591,"25317","municipality","Guachetá",11.0,"Guachetá","Guachetá","Guachetá"
592,"25320","municipality","Guaduas",11.0,"Guaduas","Guaduas","Guaduas"
593,"25322","municipality","Guasca",11.0,"Guasca","Guasca","Guasca"
594,"25324","municipality","Guataquí",11.0,"Guataquí","Guataquí","Guataquí"
595,"25326","municipality","Guatavita",11.0,"Guatavita","Guatavita","Guatavita"
596,"25328","municipality","Guayabal De Síquima",11.0,"Guayabal De Síquima","Guayabal De Síquima","Guayabal De Síquima"
597,"25335","municipality","Guayabetal",11.0,"Guayabetal","Guayabetal","Guayabetal"
598,"25339","municipality","Gutiérrez",11.0,"Gutiérrez","Gutiérrez","Gutiérrez"
599,"25368","municipality","Jerusalén",11.0,"Jerusalén","Jerusalén","Jerusalén"
600,"25372","municipality","Junín",11.0,"Junín","Junín","Junín"
601,"25377","municipality","La Calera",11.0,"La Calera","La Calera","La Calera"
602,"25386","municipality","La Mesa",11.0,"La Mesa","La Mesa","La Mesa"
603,"25394","municipality","La Palma",11.0,"La Palma","La Palma","La Palma"
604,"25398","municipality","La Peña",11.0,"La Peña","La Peña","La Peña"
605,"25402","municipality","La Vega",11.0,"La Vega","La Vega","La Vega"
606,"25407","municipality","Lenguazaque",11.0,"Lenguazaque","Lenguazaque","Lenguazaque"
607,"25426","municipality","Machetá",11.0,"Machetá","Machetá","Machetá"
608,"25430","municipality","Madrid",11.0,"Madrid","Madrid","Madrid"
609,"25436","municipality","Manta",11.0,"Manta","Manta","Manta"
610,"25438","municipality","Medina",11.0,"Medina","Medina","Medina"
611,"25473","municipality","Mosquera",11.0,"Mosquera","Mosquera","Mosquera"
612,"25483","municipality","Nariño",11.0,"Nariño","Nariño","Nariño"
613,"25486","municipality","Nemocón",11.0,"Nemocón","Nemocón","Nemocón"
614,"25488","municipality","Nilo",11.0,"Nilo","Nilo","Nilo"
615,"25489","municipality","Nimaima",11.0,"Nimaima","Nimaima","Nimaima"
616,"25491","municipality","Nocaima",11.0,"Nocaima","Nocaima","Nocaima"
617,"25506","municipality","Venecia",11.0,"Venecia","Venecia","Venecia"
618,"25513","municipality","Pacho",11.0,"Pacho","Pacho","Pacho"
619,"25518","municipality","Paime",11.0,"Paime","Paime","Paime"
620,"25524","municipality","Pandi",11.0,"Pandi","Pandi","Pandi"
621,"25530","municipality","Paratebueno",11.0,"Paratebueno","Paratebueno","Paratebueno"
622,"25535","municipality","Pasca",11.0,"Pasca","Pasca","Pasca"
623,"25572","municipality","Puerto Salgar",11.0,"Puerto Salgar","Puerto Salgar","Puerto Salgar"
624,"25580","municipality","Pulí",11.0,"Pulí","Pulí","Pulí"
625,"25592","municipality","Quebradanegra",11.0,"Quebradanegra","Quebradanegra","Quebradanegra"
626,"25594","municipality","Quetame",11.0,"Quetame","Quetame","Quetame"
627,"25596","municipality","Quipile",11.0,"Quipile","Quipile","Quipile"
628,"25599","municipality","Apulo",11.0,"Apulo","Apulo","Apulo"
629,"25612","municipality","Ricaurte",11.0,"Ricaurte","Ricaurte","Ricaurte"
630,"25645","municipality","San Antonio Del Tequendama",11.0,"San Antonio Del Tequendama","San Antonio Del Tequendama","San Antonio Del Tequendama"
631,"25649","municipality","San Bernardo",11.0,"San Bernardo","San Bernardo","San Bernardo"
632,"25653","municipality","San Cayetano",11.0,"San Cayetano","San Cayetano","San Cayetano"
633,"25658","municipality","San Francisco",11.0,"San Francisco","San Francisco","San Francisco"
634,"25662","municipality","San Juan De Rioseco",11.0,"San Juan De Rioseco","San Juan De Rioseco","San Juan De Rioseco"
635,"25718","municipality","Sasaima",11.0,"Sasaima","Sasaima","Sasaima"
636,"25736","municipality","Sesquilé",11.0,"Sesquilé","Sesquilé","Sesquilé"
637,"25740","municipality","Sibaté",11.0,"Sibaté","Sibaté","Sibaté"
638,"25743","municipality","Silvania",11.0,"Silvania","Silvania","Silvania"
639,"25745","municipality","Simijaca",11.0,"Simijaca","Simijaca","Simijaca"
640,"25754","municipality","Soacha",11.0,"Soacha","Soacha","Soacha"
641,"25758","municipality","Sopó",11.0,"Sopó","Sopó","Sopó"
642,"25769","municipality","Subachoque",11.0,"Subachoque","Subachoque","Subachoque"
643,"25772","municipality","Suesca",11.0,"Suesca","Suesca","Suesca"
644,"25777","municipality","Supatá",11.0,"Supatá","Supatá","Supatá"
645,"25779","municipality","Susa",11.0,"Susa","Susa","Susa"
646,"25781","municipality","Sutatausa",11.0,"Sutatausa","Sutatausa","Sutatausa"
647,"25785","municipality","Tabio",11.0,"Tabio","Tabio","Tabio"
648,"25793","municipality","Tausa",11.0,"Tausa","Tausa","Tausa"
649,"25797","municipality","Tena",11.0,"Tena","Tena","Tena"
650,"25799","municipality","Tenjo",11.0,"Tenjo","Tenjo","Tenjo"
651,"25805","municipality","Tibacuy",11.0,"Tibacuy","Tibacuy","Tibacuy"
652,"25807","municipality","Tibirita",11.0,"Tibirita","Tibirita","Tibirita"
653,"25815","municipality","Tocaima",11.0,"Tocaima","Tocaima","Tocaima"
654,"25817","municipality","Tocancipá",11.0,"Tocancipá","Tocancipá","Tocancipá"
655,"25823","municipality","Topaipí",11.0,"Topaipí","Topaipí","Topaipí"
656,"25839","municipality","Ubalá",11.0,"Ubalá","Ubalá","Ubalá"
657,"25841","municipality","Ubaque",11.0,"Ubaque","Ubaque","Ubaque"
658,"25843","municipality","Villa De San Diego De Ubaté",11.0,"Villa De San Diego De Ubaté","Villa De San Diego De Ubaté","Villa De San Diego De Ubaté"
659,"25845","municipality","Une",11.0,"Une","Une","Une"
660,"25851","municipality","Útica",11.0,"Útica","Útica","Útica"
661,"25862","municipality","Vergara",11.0,"Vergara","Vergara","Vergara"
662,"25867","municipality","Vianí",11.0,"Vianí","Vianí","Vianí"
663,"25871","municipality","Villagómez",11.0,"Villagómez","Villagómez","Villagómez"
664,"25873","municipality","Villapinzón",11.0,"Villapinzón","Villapinzón","Villapinzón"
665,"25875","municipality","Villeta",11.0,"Villeta","Villeta","Villeta"
666,"25878","municipality","Viotá",11.0,"Viotá","Viotá","Viotá"
667,"25885","municipality","Yacopí",11.0,"Yacopí","Yacopí","Yacopí"
668,"25898","municipality","Zipacón",11.0,"Zipacón","Zipacón","Zipacón"
669,"25899","municipality","Zipaquirá",11.0,"Zipaquirá","Zipaquirá","Zipaquirá"
670,"27001","municipality","Quibdó",12.0,"Quibdó","Quibdó","Quibdó"
671,"27006","municipality","Acandí",12.0,"Acandí","Acandí","Acandí"
672,"27025","municipality","Alto Baudó",12.0,"Alto Baudó","Alto Baudó","Alto Baudó"
673,"27050","municipality","Atrato",12.0,"Atrato","Atrato","Atrato"
674,"27073","municipality","Bagadó",12.0,"Bagadó","Bagadó","Bagadó"
675,"27075","municipality","Bahía Solano",12.0,"Bahía Solano","Bahía Solano","Bahía Solano"
676,"27077","municipality","Bajo Baudó",12.0,"Bajo Baudó","Bajo Baudó","Bajo Baudó"
677,"27099","municipality","Bojayá",12.0,"Bojayá","Bojayá","Bojayá"
678,"27135","municipality","El Cantón Del San Pablo",12.0,"El Cantón Del San Pablo","El Cantón Del San Pablo","El Cantón Del San Pablo"
679,"27150","municipality","Carmen Del Darién",12.0,"Carmen Del Darién","Carmen Del Darién","Carmen Del Darién"
680,"27160","municipality","Cértegui",12.0,"Cértegui","Cértegui","Cértegui"
681,"27205","municipality","Condoto",12.0,"Condoto","Condoto","Condoto"
682,"27245","municipality","El Carmen De Atrato",12.0,"El Carmen De Atrato","El Carmen De Atrato","El Carmen De Atrato"
683,"27250","municipality","El Litoral Del San Juan",12.0,"El Litoral Del San Juan","El Litoral Del San Juan","El Litoral Del San Juan"
684,"27361","municipality","Istmina",12.0,"Istmina","Istmina","Istmina"
685,"27372","municipality","Juradó",12.0,"Juradó","Juradó","Juradó"
686,"27413","municipality","Lloró",12.0,"Lloró","Lloró","Lloró"
687,"27425","municipality","Medio Atrato",12.0,"Medio Atrato","Medio Atrato","Medio Atrato"
688,"27430","municipality","Medio Baudó",12.0,"Medio Baudó","Medio Baudó","Medio Baudó"
689,"27450","municipality","Medio San Juan",12.0,"Medio San Juan","Medio San Juan","Medio San Juan"
690,"27491","municipality","Nóvita",12.0,"Nóvita","Nóvita","Nóvita"
691,"27495","municipality","Nuquí",12.0,"Nuquí","Nuquí","Nuquí"
692,"27580","municipality","Río Iró",12.0,"Río Iró","Río Iró","Río Iró"
693,"27600","municipality","Río Quito",12.0,"Río Quito","Río Quito","Río Quito"
694,"27615","municipality","Riosucio",12.0,"Riosucio","Riosucio","Riosucio"
695,"27660","municipality","San José Del Palmar",12.0,"San José Del Palmar","San José Del Palmar","San José Del Palmar"
696,"27745","municipality","Sipí",12.0,"Sipí","Sipí","Sipí"
697,"27787","municipality","Tadó",12.0,"Tadó","Tadó","Tadó"
698,"27800","municipality","Unguía",12.0,"Unguía","Unguía","Unguía"
699,"27810","municipality","Unión Panamericana",12.0,"Unión Panamericana","Unión Panamericana","Unión Panamericana"
700,"41001","municipality","Neiva",13.0,"Neiva","Neiva","Neiva"
701,"41006","municipality","Acevedo",13.0,"Acevedo","Acevedo","Acevedo"
702,"41013","municipality","Agrado",13.0,"Agrado","Agrado","Agrado"
703,"41016","municipality","Aipe",13.0,"Aipe","Aipe","Aipe"
704,"41020","municipality","Algeciras",13.0,"Algeciras","Algeciras","Algeciras"
705,"41026","municipality","Altamira",13.0,"Altamira","Altamira","Altamira"
706,"41078","municipality","Baraya",13.0,"Baraya","Baraya","Baraya"
707,"41132","municipality","Campoalegre",13.0,"Campoalegre","Campoalegre","Campoalegre"
708,"41206","municipality","Colombia",13.0,"Colombia","Colombia","Colombia"
709,"41244","municipality","Elías",13.0,"Elías","Elías","Elías"
710,"41298","municipality","Garzón",13.0,"Garzón","Garzón","Garzón"
711,"41306","municipality","Gigante",13.0,"Gigante","Gigante","Gigante"
712,"41319","municipality","Guadalupe",13.0,"Guadalupe","Guadalupe","Guadalupe"
713,"41349","municipality","Hobo",13.0,"Hobo","Hobo","Hobo"
714,"41357","municipality","Íquira",13.0,"Íquira","Íquira","Íquira"
715,"41359","municipality","Isnos",13.0,"Isnos","Isnos","Isnos"
716,"41378","municipality","La Argentina",13.0,"La Argentina","La Argentina","La Argentina"
717,"41396","municipality","La Plata",13.0,"La Plata","La Plata","La Plata"
718,"41483","municipality","Nátaga",13.0,"Nátaga","Nátaga","Nátaga"
719,"41503","municipality","Oporapa",13.0,"Oporapa","Oporapa","Oporapa"
720,"41518","municipality","Paicol",13.0,"Paicol","Paicol","Paicol"
721,"41524","municipality","Palermo",13.0,"Palermo","Palermo","Palermo"
722,"41530","municipality","Palestina",13.0,"Palestina","Palestina","Palestina"
723,"41548","municipality","Pital",13.0,"Pital","Pital","Pital"
724,"41551","municipality","Pitalito",13.0,"Pitalito","Pitalito","Pitalito"
725,"41615","municipality","Rivera",13.0,"Rivera","Rivera","Rivera"
726,"41660","municipality","Saladoblanco",13.0,"Saladoblanco","Saladoblanco","Saladoblanco"
727,"41668","municipality","San Agustín",13.0,"San Agustín","San Agustín","San Agustín"
728,"41676","municipality","Santa María",13.0,"Santa María","Santa María","Santa María"
729,"41770","municipality","Suaza",13.0,"Suaza","Suaza","Suaza"
730,"41791","municipality","Tarqui",13.0,"Tarqui","Tarqui","Tarqui"
731,"41797","municipality","Tesalia",13.0,"Tesalia","Tesalia","Tesalia"
732,"41799","municipality","Tello",13.0,"Tello","Tello","Tello"
733,"41801","municipality","Teruel",13.0,"Teruel","Teruel","Teruel"
734,"41807","municipality","Timaná",13.0,"Timaná","Timaná","Timaná"
735,"41872","municipality","Villavieja",13.0,"Villavieja","Villavieja","Villavieja"
736,"41885","municipality","Yaguará",13.0,"Yaguará","Yaguará","Yaguará"
737,"44001","municipality","Riohacha",14.0,"Riohacha","Riohacha","Riohacha"
738,"44035","municipality","Albania",14.0,"Albania","Albania","Albania"
739,"44078","municipality","Barrancas",14.0,"Barrancas","Barrancas","Barrancas"
740,"44090","municipality","Dibulla",14.0,"Dibulla","Dibulla","Dibulla"
741,"44098","municipality","Distracción",14.0,"Distracción","Distracción","Distracción"
742,"44110","municipality","El Molino",14.0,"El Molino","El Molino","El Molino"
743,"44279","municipality","Fonseca",14.0,"Fonseca","Fonseca","Fonseca"
744,"44378","municipality","Hatonuevo",14.0,"Hatonuevo","Hatonuevo","Hatonuevo"
745,"44420","municipality","La Jagua Del Pilar",14.0,"La Jagua Del Pilar","La Jagua Del Pilar","La Jagua Del Pilar"
746,"44430","municipality","Maicao",14.0,"Maicao","Maicao","Maicao"
747,"44560","municipality","Manaure",14.0,"Manaure","Manaure","Manaure"
748,"44650","municipality","San Juan Del Cesar",14.0,"San Juan Del Cesar","San Juan Del Cesar","San Juan Del Cesar"
749,"44847","municipality","Uribia",14.0,"Uribia","Uribia","Uribia"
750,"44855","municipality","Urumita",14.0,"Urumita","Urumita","Urumita"
751,"44874","municipality","Villanueva",14.0,"Villanueva","Villanueva","Villanueva"
752,"47001","municipality","Santa Marta",15.0,"Santa Marta","Santa Marta","Santa Marta"
753,"47030","municipality","Algarrobo",15.0,"Algarrobo","Algarrobo","Algarrobo"
754,"47053","municipality","Aracataca",15.0,"Aracataca","Aracataca","Aracataca"
755,"47058","municipality","Ariguaní",15.0,"Ariguaní","Ariguaní","Ariguaní"
756,"47161","municipality","Cerro De San Antonio",15.0,"Cerro De San Antonio","Cerro De San Antonio","Cerro De San Antonio"
757,"47170","municipality","Chivolo",15.0,"Chivolo","Chivolo","Chivolo"
758,"47189","municipality","Ciénaga",15.0,"Ciénaga","Ciénaga","Ciénaga"
759,"47205","municipality","Concordia",15.0,"Concordia","Concordia","Concordia"
760,"47245","municipality","El Banco",15.0,"El Banco","El Banco","El Banco"
761,"47258","municipality","El Piñón",15.0,"El Piñón","El Piñón","El Piñón"
762,"47268","municipality","El Retén",15.0,"El Retén","El Retén","El Retén"
763,"47288","municipality","Fundación",15.0,"Fundación","Fundación","Fundación"
764,"47318","municipality","Guamal",15.0,"Guamal","Guamal","Guamal"
765,"47460","municipality","Nueva Granada",15.0,"Nueva Granada","Nueva Granada","Nueva Granada"
766,"47541","municipality","Pedraza",15.0,"Pedraza","Pedraza","Pedraza"
767,"47545","municipality","Pijiño Del Carmen",15.0,"Pijiño Del Carmen","Pijiño Del Carmen","Pijiño Del Carmen"
768,"47551","municipality","Pivijay",15.0,"Pivijay","Pivijay","Pivijay"
769,"47555","municipality","Plato",15.0,"Plato","Plato","Plato"
770,"47570","municipality","Puebloviejo",15.0,"Puebloviejo","Puebloviejo","Puebloviejo"
771,"47605","municipality","Remolino",15.0,"Remolino","Remolino","Remolino"
772,"47660","municipality","Sabanas De San Ángel",15.0,"Sabanas De San Ángel","Sabanas De San Ángel","Sabanas De San Ángel"
773,"47675","municipality","Salamina",15.0,"Salamina","Salamina","Salamina"
774,"47692","municipality","San Sebastián De Buenavista",15.0,"San Sebastián De Buenavista","San Sebastián De Buenavista","San Sebastián De Buenavista"
775,"47703","municipality","San Zenón",15.0,"San Zenón","San Zenón","San Zenón"
776,"47707","municipality","Santa Ana",15.0,"Santa Ana","Santa Ana","Santa Ana"
777,"47720","municipality","Santa Bárbara De Pinto",15.0,"Santa Bárbara De Pinto","Santa Bárbara De Pinto","Santa Bárbara De Pinto"
778,"47745","municipality","Sitionuevo",15.0,"Sitionuevo","Sitionuevo","Sitionuevo"
779,"47798","municipality","Tenerife",15.0,"Tenerife","Tenerife","Tenerife"
780,"47960","municipality","Zapayán",15.0,"Zapayán","Zapayán","Zapayán"
781,"47980","municipality","Zona Bananera",15.0,"Zona Bananera","Zona Bananera","Zona Bananera"
782,"50001","municipality","Villavicencio",16.0,"Villavicencio","Villavicencio","Villavicencio"
783,"50006","municipality","Acacías",16.0,"Acacías","Acacías","Acacías"
784,"50110","municipality","Barranca De Upía",16.0,"Barranca De Upía","Barranca De Upía","Barranca De Upía"
785,"50124","municipality","Cabuyaro",16.0,"Cabuyaro","Cabuyaro","Cabuyaro"
786,"50150","municipality","Castilla La Nueva",16.0,"Castilla La Nueva","Castilla La Nueva","Castilla La Nueva"
787,"50223","municipality","Cubarral",16.0,"Cubarral","Cubarral","Cubarral"
788,"50226","municipality","Cumaral",16.0,"Cumaral","Cumaral","Cumaral"
789,"50245","municipality","El Calvario",16.0,"El Calvario","El Calvario","El Calvario"
790,"50251","municipality","El Castillo",16.0,"El Castillo","El Castillo","El Castillo"
791,"50270","municipality","El Dorado",16.0,"El Dorado","El Dorado","El Dorado"
792,"50287","municipality","Fuente De Oro",16.0,"Fuente De Oro","Fuente De Oro","Fuente De Oro"
793,"50313","municipality","Granada",16.0,"Granada","Granada","Granada"
794,"50318","municipality","Guamal",16.0,"Guamal","Guamal","Guamal"
795,"50325","municipality","Mapiripán",16.0,"Mapiripán","Mapiripán","Mapiripán"
796,"50330","municipality","Mesetas",16.0,"Mesetas","Mesetas","Mesetas"
797,"50350","municipality","La Macarena",16.0,"La Macarena","La Macarena","La Macarena"
798,"50370","municipality","Uribe",16.0,"Uribe","Uribe","Uribe"
799,"50400","municipality","Lejanías",16.0,"Lejanías","Lejanías","Lejanías"
800,"50450","municipality","Puerto Concordia",16.0,"Puerto Concordia","Puerto Concordia","Puerto Concordia"
801,"50568","municipality","Puerto Gaitán",16.0,"Puerto Gaitán","Puerto Gaitán","Puerto Gaitán"
802,"50573","municipality","Puerto López",16.0,"Puerto López","Puerto López","Puerto López"
803,"50577","municipality","Puerto Lleras",16.0,"Puerto Lleras","Puerto Lleras","Puerto Lleras"
804,"50590","municipality","Puerto Rico",16.0,"Puerto Rico","Puerto Rico","Puerto Rico"
805,"50606","municipality","Restrepo",16.0,"Restrepo","Restrepo","Restrepo"
806,"50680","municipality","San Carlos De Guaroa",16.0,"San Carlos De Guaroa","San Carlos De Guaroa","San Carlos De Guaroa"
807,"50683","municipality","San Juan De Arama",16.0,"San Juan De Arama","San Juan De Arama","San Juan De Arama"
808,"50686","municipality","San Juanito",16.0,"San Juanito","San Juanito","San Juanito"
809,"50689","municipality","San Martín",16.0,"San Martín","San Martín","San Martín"
810,"50711","municipality","Vistahermosa",16.0,"Vistahermosa","Vistahermosa","Vistahermosa"
811,"52001","municipality","Pasto",17.0,"Pasto","Pasto","Pasto"
812,"52019","municipality","Albán",17.0,"Albán","Albán","Albán"
813,"52022","municipality","Aldana",17.0,"Aldana","Aldana","Aldana"
814,"52036","municipality","Ancuyá",17.0,"Ancuyá","Ancuyá","Ancuyá"
815,"52051","municipality","Arboleda",17.0,"Arboleda","Arboleda","Arboleda"
816,"52079","municipality","Barbacoas",17.0,"Barbacoas","Barbacoas","Barbacoas"
817,"52083","municipality","Belén",17.0,"Belén","Belén","Belén"
818,"52110","municipality","Buesaco",17.0,"Buesaco","Buesaco","Buesaco"
819,"52203","municipality","Colón",17.0,"Colón","Colón","Colón"
820,"52207","municipality","Consacá",17.0,"Consacá","Consacá","Consacá"
821,"52210","municipality","Contadero",17.0,"Contadero","Contadero","Contadero"
822,"52215","municipality","Córdoba",17.0,"Córdoba","Córdoba","Córdoba"
823,"52224","municipality","Cuaspúd",17.0,"Cuaspúd","Cuaspúd","Cuaspúd"
824,"52227","municipality","Cumbal",17.0,"Cumbal","Cumbal","Cumbal"
825,"52233","municipality","Cumbitara",17.0,"Cumbitara","Cumbitara","Cumbitara"
826,"52240","municipality","Chachagüí",17.0,"Chachagüí","Chachagüí","Chachagüí"
827,"52250","municipality","El Charco",17.0,"El Charco","El Charco","El Charco"
828,"52254","municipality","El Peñol",17.0,"El Peñol","El Peñol","El Peñol"
829,"52256","municipality","El Rosario",17.0,"El Rosario","El Rosario","El Rosario"
830,"52258","municipality","El Tablón De Gómez",17.0,"El Tablón De Gómez","El Tablón De Gómez","El Tablón De Gómez"
831,"52260","municipality","El Tambo",17.0,"El Tambo","El Tambo","El Tambo"
832,"52287","municipality","Funes",17.0,"Funes","Funes","Funes"
833,"52317","municipality","Guachucal",17.0,"Guachucal","Guachucal","Guachucal"
834,"52320","municipality","Guaitarilla",17.0,"Guaitarilla","Guaitarilla","Guaitarilla"
835,"52323","municipality","Gualmatán",17.0,"Gualmatán","Gualmatán","Gualmatán"
836,"52352","municipality","Iles",17.0,"Iles","Iles","Iles"
837,"52354","municipality","Imués",17.0,"Imués","Imués","Imués"
838,"52356","municipality","Ipiales",17.0,"Ipiales","Ipiales","Ipiales"
839,"52378","municipality","La Cruz",17.0,"La Cruz","La Cruz","La Cruz"
840,"52381","municipality","La Florida",17.0,"La Florida","La Florida","La Florida"
841,"52385","municipality","La Llanada",17.0,"La Llanada","La Llanada","La Llanada"
842,"52390","municipality","La Tola",17.0,"La Tola","La Tola","La Tola"
843,"52399","municipality","La Unión",17.0,"La Unión","La Unión","La Unión"
844,"52405","municipality","Leiva",17.0,"Leiva","Leiva","Leiva"
845,"52411","municipality","Linares",17.0,"Linares","Linares","Linares"
846,"52418","municipality","Los Andes",17.0,"Los Andes","Los Andes","Los Andes"
847,"52427","municipality","Magüí",17.0,"Magüí","Magüí","Magüí"
848,"52435","municipality","Mallama",17.0,"Mallama","Mallama","Mallama"
849,"52473","municipality","Mosquera",17.0,"Mosquera","Mosquera","Mosquera"
850,"52480","municipality","Nariño",17.0,"Nariño","Nariño","Nariño"
851,"52490","municipality","Olaya Herrera",17.0,"Olaya Herrera","Olaya Herrera","Olaya Herrera"
852,"52506","municipality","Ospina",17.0,"Ospina","Ospina","Ospina"
853,"52520","municipality","Francisco Pizarro",17.0,"Francisco Pizarro","Francisco Pizarro","Francisco Pizarro"
854,"52540","municipality","Policarpa",17.0,"Policarpa","Policarpa","Policarpa"
855,"52560","municipality","Potosí",17.0,"Potosí","Potosí","Potosí"
856,"52565","municipality","Providencia",17.0,"Providencia","Providencia","Providencia"
857,"52573","municipality","Puerres",17.0,"Puerres","Puerres","Puerres"
858,"52585","municipality","Pupiales",17.0,"Pupiales","Pupiales","Pupiales"
859,"52612","municipality","Ricaurte",17.0,"Ricaurte","Ricaurte","Ricaurte"
860,"52621","municipality","Roberto Payán",17.0,"Roberto Payán","Roberto Payán","Roberto Payán"
861,"52678","municipality","Samaniego",17.0,"Samaniego","Samaniego","Samaniego"
862,"52683","municipality","Sandoná",17.0,"Sandoná","Sandoná","Sandoná"
863,"52685","municipality","San Bernardo",17.0,"San Bernardo","San Bernardo","San Bernardo"
864,"52687","municipality","San Lorenzo",17.0,"San Lorenzo","San Lorenzo","San Lorenzo"
865,"52693","municipality","San Pablo",17.0,"San Pablo","San Pablo","San Pablo"
866,"52694","municipality","San Pedro De Cartago",17.0,"San Pedro De Cartago","San Pedro De Cartago","San Pedro De Cartago"
867,"52696","municipality","Santa Bárbara",17.0,"Santa Bárbara","Santa Bárbara","Santa Bárbara"
868,"52699","municipality","Santacruz",17.0,"Santacruz","Santacruz","Santacruz"
869,"52720","municipality","Sapuyes",17.0,"Sapuyes","Sapuyes","Sapuyes"
870,"52786","municipality","Taminango",17.0,"Taminango","Taminango","Taminango"
871,"52788","municipality","Tangua",17.0,"Tangua","Tangua","Tangua"
872,"52835","municipality","San Andrés De Tumaco",17.0,"San Andrés De Tumaco","San Andrés De Tumaco","San Andrés De Tumaco"
873,"52838","municipality","Túquerres",17.0,"Túquerres","Túquerres","Túquerres"
874,"52885","municipality","Yacuanquer",17.0,"Yacuanquer","Yacuanquer","Yacuanquer"
875,"54001","municipality","Cúcuta",18.0,"Cúcuta","Cúcuta","Cúcuta"
876,"54003","municipality","Ábrego",18.0,"Ábrego","Ábrego","Ábrego"
877,"54051","municipality","Arboledas",18.0,"Arboledas","Arboledas","Arboledas"
878,"54099","municipality","Bochalema",18.0,"Bochalema","Bochalema","Bochalema"
879,"54109","municipality","Bucarasica",18.0,"Bucarasica","Bucarasica","Bucarasica"
880,"54125","municipality","Cácota",18.0,"Cácota","Cácota","Cácota"
881,"54128","municipality","Cáchira",18.0,"Cáchira","Cáchira","Cáchira"
882,"54172","municipality","Chinácota",18.0,"Chinácota","Chinácota","Chinácota"
883,"54174","municipality","Chitagá",18.0,"Chitagá","Chitagá","Chitagá"
884,"54206","municipality","Convención",18.0,"Convención","Convención","Convención"
885,"54223","municipality","Cucutilla",18.0,"Cucutilla","Cucutilla","Cucutilla"
886,"54239","municipality","Durania",18.0,"Durania","Durania","Durania"
887,"54245","municipality","El Carmen",18.0,"El Carmen","El Carmen","El Carmen"
888,"54250","municipality","El Tarra",18.0,"El Tarra","El Tarra","El Tarra"
889,"54261","municipality","El Zulia",18.0,"El Zulia","El Zulia","El Zulia"
890,"54313","municipality","Gramalote",18.0,"Gramalote","Gramalote","Gramalote"
891,"54344","municipality","Hacarí",18.0,"Hacarí","Hacarí","Hacarí"
892,"54347","municipality","Herrán",18.0,"Herrán","Herrán","Herrán"
893,"54377","municipality","Labateca",18.0,"Labateca","Labateca","Labateca"
894,"54385","municipality","La Esperanza",18.0,"La Esperanza","La Esperanza","La Esperanza"
895,"54398","municipality","La Playa",18.0,"La Playa","La Playa","La Playa"
896,"54405","municipality","Los Patios",18.0,"Los Patios","Los Patios","Los Patios"
897,"54418","municipality","Lourdes",18.0,"Lourdes","Lourdes","Lourdes"
898,"54480","municipality","Mutiscua",18.0,"Mutiscua","Mutiscua","Mutiscua"
899,"54498","municipality","Ocaña",18.0,"Ocaña","Ocaña","Ocaña"
900,"54518","municipality","Pamplona",18.0,"Pamplona","Pamplona","Pamplona"
901,"54520","municipality","Pamplonita",18.0,"Pamplonita","Pamplonita","Pamplonita"
902,"54553","municipality","Puerto Santander",18.0,"Puerto Santander","Puerto Santander","Puerto Santander"
903,"54599","municipality","Ragonvalia",18.0,"Ragonvalia","Ragonvalia","Ragonvalia"
904,"54660","municipality","Salazar",18.0,"Salazar","Salazar","Salazar"
905,"54670","municipality","San Calixto",18.0,"San Calixto","San Calixto","San Calixto"
906,"54673","municipality","San Cayetano",18.0,"San Cayetano","San Cayetano","San Cayetano"
907,"54680","municipality","Santiago",18.0,"Santiago","Santiago","Santiago"
908,"54720","municipality","Sardinata",18.0,"Sardinata","Sardinata","Sardinata"
909,"54743","municipality","Silos",18.0,"Silos","Silos","Silos"
910,"54800","municipality","Teorama",18.0,"Teorama","Teorama","Teorama"
911,"54810","municipality","Tibú",18.0,"Tibú","Tibú","Tibú"
912,"54820","municipality","Toledo",18.0,"Toledo","Toledo","Toledo"
913,"54871","municipality","Villa Caro",18.0,"Villa Caro","Villa Caro","Villa Caro"
914,"54874","municipality","Villa Del Rosario",18.0,"Villa Del Rosario","Villa Del Rosario","Villa Del Rosario"
915,"63001","municipality","Armenia",19.0,"Armenia","Armenia","Armenia"
916,"63111","municipality","Buenavista",19.0,"Buenavista","Buenavista","Buenavista"
917,"63130","municipality","Calarcá",19.0,"Calarcá","Calarcá","Calarcá"
918,"63190","municipality","Circasia",19.0,"Circasia","Circasia","Circasia"
919,"63212","municipality","Córdoba",19.0,"Córdoba","Córdoba","Córdoba"
920,"63272","municipality","Filandia",19.0,"Filandia","Filandia","Filandia"
921,"63302","municipality","Génova",19.0,"Génova","Génova","Génova"
922,"63401","municipality","La Tebaida",19.0,"La Tebaida","La Tebaida","La Tebaida"
923,"63470","municipality","Montenegro",19.0,"Montenegro","Montenegro","Montenegro"
924,"63548","municipality","Pijao",19.0,"Pijao","Pijao","Pijao"
925,"63594","municipality","Quimbaya",19.0,"Quimbaya","Quimbaya","Quimbaya"
926,"63690","municipality","Salento",19.0,"Salento","Salento","Salento"
927,"66001","municipality","Pereira",20.0,"Pereira","Pereira","Pereira"
928,"66045","municipality","Apía",20.0,"Apía","Apía","Apía"
929,"66075","municipality","Balboa",20.0,"Balboa","Balboa","Balboa"
930,"66088","municipality","Belén De Umbría",20.0,"Belén De Umbría","Belén De Umbría","Belén De Umbría"
931,"66170","municipality","Dosquebradas",20.0,"Dosquebradas","Dosquebradas","Dosquebradas"
932,"66318","municipality","Guática",20.0,"Guática","Guática","Guática"
933,"66383","municipality","La Celia",20.0,"La Celia","La Celia","La Celia"
934,"66400","municipality","La Virginia",20.0,"La Virginia","La Virginia","La Virginia"
935,"66440","municipality","Marsella",20.0,"Marsella","Marsella","Marsella"
936,"66456","municipality","Mistrató",20.0,"Mistrató","Mistrató","Mistrató"
937,"66572","municipality","Pueblo Rico",20.0,"Pueblo Rico","Pueblo Rico","Pueblo Rico"
938,"66594","municipality","Quinchía",20.0,"Quinchía","Quinchía","Quinchía"
939,"66682","municipality","Santa Rosa De Cabal",20.0,"Santa Rosa De Cabal","Santa Rosa De Cabal","Santa Rosa De Cabal"
940,"66687","municipality","Santuario",20.0,"Santuario","Santuario","Santuario"
941,"68001","municipality","Bucaramanga",21.0,"Bucaramanga","Bucaramanga","Bucaramanga"
942,"68013","municipality","Aguada",21.0,"Aguada","Aguada","Aguada"
943,"68020","municipality","Albania",21.0,"Albania","Albania","Albania"
944,"68051","municipality","Aratoca",21.0,"Aratoca","Aratoca","Aratoca"
945,"68077","municipality","Barbosa",21.0,"Barbosa","Barbosa","Barbosa"
946,"68079","municipality","Barichara",21.0,"Barichara","Barichara","Barichara"
947,"68081","municipality","Barrancabermeja",21.0,"Barrancabermeja","Barrancabermeja","Barrancabermeja"
948,"68092","municipality","Betulia",21.0,"Betulia","Betulia","Betulia"
949,"68101","municipality","Bolívar",21.0,"Bolívar","Bolívar","Bolívar"
950,"68121","municipality","Cabrera",21.0,"Cabrera","Cabrera","Cabrera"
951,"68132","municipality","California",21.0,"California","California","California"
952,"68147","municipality","Capitanejo",21.0,"Capitanejo","Capitanejo","Capitanejo"
953,"68152","municipality","Carcasí",21.0,"Carcasí","Carcasí","Carcasí"
954,"68160","municipality","Cepitá",21.0,"Cepitá","Cepitá","Cepitá"
955,"68162","municipality","Cerrito",21.0,"Cerrito","Cerrito","Cerrito"
956,"68167","municipality","Charalá",21.0,"Charalá","Charalá","Charalá"
957,"68169","municipality","Charta",21.0,"Charta","Charta","Charta"
958,"68176","municipality","Chima",21.0,"Chima","Chima","Chima"
959,"68179","municipality","Chipatá",21.0,"Chipatá","Chipatá","Chipatá"
960,"68190","municipality","Cimitarra",21.0,"Cimitarra","Cimitarra","Cimitarra"
961,"68207","municipality","Concepción",21.0,"Concepción","Concepción","Concepción"
962,"68209","municipality","Confines",21.0,"Confines","Confines","Confines"
963,"68211","municipality","Contratación",21.0,"Contratación","Contratación","Contratación"
964,"68217","municipality","Coromoro",21.0,"Coromoro","Coromoro","Coromoro"
965,"68229","municipality","Curití",21.0,"Curití","Curití","Curití"
966,"68235","municipality","El Carmen De Chucurí",21.0,"El Carmen De Chucurí","El Carmen De Chucurí","El Carmen De Chucurí"
967,"68245","municipality","El Guacamayo",21.0,"El Guacamayo","El Guacamayo","El Guacamayo"
968,"68250","municipality","El Peñón",21.0,"El Peñón","El Peñón","El Peñón"
969,"68255","municipality","El Playón",21.0,"El Playón","El Playón","El Playón"
970,"68264","municipality","Encino",21.0,"Encino","Encino","Encino"
971,"68266","municipality","Enciso",21.0,"Enciso","Enciso","Enciso"
972,"68271","municipality","Florián",21.0,"Florián","Florián","Florián"
973,"68276","municipality","Floridablanca",21.0,"Floridablanca","Floridablanca","Floridablanca"
974,"68296","municipality","Galán",21.0,"Galán","Galán","Galán"
975,"68298","municipality","Gámbita",21.0,"Gámbita","Gámbita","Gámbita"
976,"68307","municipality","Girón",21.0,"Girón","Girón","Girón"
977,"68318","municipality","Guaca",21.0,"Guaca","Guaca","Guaca"
978,"68320","municipality","Guadalupe",21.0,"Guadalupe","Guadalupe","Guadalupe"
979,"68322","municipality","Guapotá",21.0,"Guapotá","Guapotá","Guapotá"
980,"68324","municipality","Guavatá",21.0,"Guavatá","Guavatá","Guavatá"
981,"68327","municipality","Güepsa",21.0,"Güepsa","Güepsa","Güepsa"
982,"68344","municipality","Hato",21.0,"Hato","Hato","Hato"
983,"68368","municipality","Jesús María",21.0,"Jesús María","Jesús María","Jesús María"
984,"68370","municipality","Jordán",21.0,"Jordán","Jordán","Jordán"
985,"68377","municipality","La Belleza",21.0,"La Belleza","La Belleza","La Belleza"
986,"68385","municipality","Landázuri",21.0,"Landázuri","Landázuri","Landázuri"
987,"68397","municipality","La Paz",21.0,"La Paz","La Paz","La Paz"
988,"68406","municipality","Lebrija",21.0,"Lebrija","Lebrija","Lebrija"
989,"68418","municipality","Los Santos",21.0,"Los Santos","Los Santos","Los Santos"
990,"68425","municipality","Macaravita",21.0,"Macaravita","Macaravita","Macaravita"
991,"68432","municipality","Málaga",21.0,"Málaga","Málaga","Málaga"
992,"68444","municipality","Matanza",21.0,"Matanza","Matanza","Matanza"
993,"68464","municipality","Mogotes",21.0,"Mogotes","Mogotes","Mogotes"
994,"68468","municipality","Molagavita",21.0,"Molagavita","Molagavita","Molagavita"
995,"68498","municipality","Ocamonte",21.0,"Ocamonte","Ocamonte","Ocamonte"
996,"68500","municipality","Oiba",21.0,"Oiba","Oiba","Oiba"
997,"68502","municipality","Onzaga",21.0,"Onzaga","Onzaga","Onzaga"
998,"68522","municipality","Palmar",21.0,"Palmar","Palmar","Palmar"
999,"68524","municipality","Palmas Del Socorro",21.0,"Palmas Del Socorro","Palmas Del Socorro","Palmas Del Socorro"
1000,"68533","municipality","Páramo",21.0,"Páramo","Páramo","Páramo"
1001,"68547","municipality","Piedecuesta",21.0,"Piedecuesta","Piedecuesta","Piedecuesta"
1002,"68549","municipality","Pinchote",21.0,"Pinchote","Pinchote","Pinchote"
1003,"68572","municipality","Puente Nacional",21.0,"Puente Nacional","Puente Nacional","Puente Nacional"
1004,"68573","municipality","Puerto Parra",21.0,"Puerto Parra","Puerto Parra","Puerto Parra"
1005,"68575","municipality","Puerto Wilches",21.0,"Puerto Wilches","Puerto Wilches","Puerto Wilches"
1006,"68615","municipality","Rionegro",21.0,"Rionegro","Rionegro","Rionegro"
1007,"68655","municipality","Sabana De Torres",21.0,"Sabana De Torres","Sabana De Torres","Sabana De Torres"
1008,"68669","municipality","San Andrés",21.0,"San Andrés","San Andrés","San Andrés"
1009,"68673","municipality","San Benito",21.0,"San Benito","San Benito","San Benito"
1010,"68679","municipality","San Gil",21.0,"San Gil","San Gil","San Gil"
1011,"68682","municipality","San Joaquín",21.0,"San Joaquín","San Joaquín","San Joaquín"
1012,"68684","municipality","San José De Miranda",21.0,"San José De Miranda","San José De Miranda","San José De Miranda"
1013,"68686","municipality","San Miguel",21.0,"San Miguel","San Miguel","San Miguel"
1014,"68689","municipality","San Vicente De Chucurí",21.0,"San Vicente De Chucurí","San Vicente De Chucurí","San Vicente De Chucurí"
1015,"68705","municipality","Santa Bárbara",21.0,"Santa Bárbara","Santa Bárbara","Santa Bárbara"
1016,"68720","municipality","Santa Helena Del Opón",21.0,"Santa Helena Del Opón","Santa Helena Del Opón","Santa Helena Del Opón"
1017,"68745","municipality","Simacota",21.0,"Simacota","Simacota","Simacota"
1018,"68755","municipality","Socorro",21.0,"Socorro","Socorro","Socorro"
1019,"68770","municipality","Suaita",21.0,"Suaita","Suaita","Suaita"
1020,"68773","municipality","Sucre",21.0,"Sucre","Sucre","Sucre"
1021,"68780","municipality","Suratá",21.0,"Suratá","Suratá","Suratá"
1022,"68820","municipality","Tona",21.0,"Tona","Tona","Tona"
1023,"68855","municipality","Valle De San José",21.0,"Valle De San José","Valle De San José","Valle De San José"
1024,"68861","municipality","Vélez",21.0,"Vélez","Vélez","Vélez"
1025,"68867","municipality","Vetas",21.0,"Vetas","Vetas","Vetas"
1026,"68872","municipality","Villanueva",21.0,"Villanueva","Villanueva","Villanueva"
1027,"68895","municipality","Zapatoca",21.0,"Zapatoca","Zapatoca","Zapatoca"
1028,"70001","municipality","Sincelejo",22.0,"Sincelejo","Sincelejo","Sincelejo"
1029,"70110","municipality","Buenavista",22.0,"Buenavista","Buenavista","Buenavista"
1030,"70124","municipality","Caimito",22.0,"Caimito","Caimito","Caimito"
1031,"70204","municipality","Colosó",22.0,"Colosó","Colosó","Colosó"
1032,"70215","municipality","Corozal",22.0,"Corozal","Corozal","Corozal"
1033,"70221","municipality","Coveñas",22.0,"Coveñas","Coveñas","Coveñas"
1034,"70230","municipality","Chalán",22.0,"Chalán","Chalán","Chalán"
1035,"70233","municipality","El Roble",22.0,"El Roble","El Roble","El Roble"
1036,"70235","municipality","Galeras",22.0,"Galeras","Galeras","Galeras"
1037,"70265","municipality","Guaranda",22.0,"Guaranda","Guaranda","Guaranda"
1038,"70400","municipality","La Unión",22.0,"La Unión","La Unión","La Unión"
1039,"70418","municipality","Los Palmitos",22.0,"Los Palmitos","Los Palmitos","Los Palmitos"
1040,"70429","municipality","Majagual",22.0,"Majagual","Majagual","Majagual"
1041,"70473","municipality","Morroa",22.0,"Morroa","Morroa","Morroa"
1042,"70508","municipality","Ovejas",22.0,"Ovejas","Ovejas","Ovejas"
1043,"70523","municipality","Palmito",22.0,"Palmito","Palmito","Palmito"
1044,"70670","municipality","Sampués",22.0,"Sampués","Sampués","Sampués"
1045,"70678","municipality","San Benito Abad",22.0,"San Benito Abad","San Benito Abad","San Benito Abad"
1046,"70702","municipality","San Juan De Betulia",22.0,"San Juan De Betulia","San Juan De Betulia","San Juan De Betulia"
1047,"70708","municipality","San Marcos",22.0,"San Marcos","San Marcos","San Marcos"
1048,"70713","municipality","San Onofre",22.0,"San Onofre","San Onofre","San Onofre"
1049,"70717","municipality","San Pedro",22.0,"San Pedro","San Pedro","San Pedro"
1050,"70742","municipality","San Luis De Sincé",22.0,"San Luis De Sincé","San Luis De Sincé","San Luis De Sincé"
1051,"70771","municipality","Sucre",22.0,"Sucre","Sucre","Sucre"
1052,"70820","municipality","Santiago De Tolú",22.0,"Santiago De Tolú","Santiago De Tolú","Santiago De Tolú"
1053,"70823","municipality","Tolú Viejo",22.0,"Tolú Viejo","Tolú Viejo","Tolú Viejo"
1054,"73001","municipality","Ibagué",23.0,"Ibagué","Ibagué","Ibagué"
1055,"73024","municipality","Alpujarra",23.0,"Alpujarra","Alpujarra","Alpujarra"
1056,"73026","municipality","Alvarado",23.0,"Alvarado","Alvarado","Alvarado"
1057,"73030","municipality","Ambalema",23.0,"Ambalema","Ambalema","Ambalema"
1058,"73043","municipality","Anzoátegui",23.0,"Anzoátegui","Anzoátegui","Anzoátegui"
1059,"73055","municipality","Armero Guayabal",23.0,"Armero Guayabal","Armero Guayabal","Armero Guayabal"
1060,"73067","municipality","Ataco",23.0,"Ataco","Ataco","Ataco"
1061,"73124","municipality","Cajamarca",23.0,"Cajamarca","Cajamarca","Cajamarca"
1062,"73148","municipality","Carmen De Apicalá",23.0,"Carmen De Apicalá","Carmen De Apicalá","Carmen De Apicalá"
1063,"73152","municipality","Casabianca",23.0,"Casabianca","Casabianca","Casabianca"
1064,"73168","municipality","Chaparral",23.0,"Chaparral","Chaparral","Chaparral"
1065,"73200","municipality","Coello",23.0,"Coello","Coello","Coello"
1066,"73217","municipality","Coyaima",23.0,"Coyaima","Coyaima","Coyaima"
1067,"73226","municipality","Cunday",23.0,"Cunday","Cunday","Cunday"
1068,"73236","municipality","Dolores",23.0,"Dolores","Dolores","Dolores"
1069,"73268","municipality","Espinal",23.0,"Espinal","Espinal","Espinal"
1070,"73270","municipality","Falan",23.0,"Falan","Falan","Falan"
1071,"73275","municipality","Flandes",23.0,"Flandes","Flandes","Flandes"
1072,"73283","municipality","Fresno",23.0,"Fresno","Fresno","Fresno"
1073,"73319","municipality","Guamo",23.0,"Guamo","Guamo","Guamo"
1074,"73347","municipality","Herveo",23.0,"Herveo","Herveo","Herveo"
1075,"73349","municipality","Honda",23.0,"Honda","Honda","Honda"
1076,"73352","municipality","Icononzo",23.0,"Icononzo","Icononzo","Icononzo"
1077,"73408","municipality","Lérida",23.0,"Lérida","Lérida","Lérida"
1078,"73411","municipality","Líbano",23.0,"Líbano","Líbano","Líbano"
1079,"73443","municipality","San Sebastián De Mariquita",23.0,"San Sebastián De Mariquita","San Sebastián De Mariquita","San Sebastián De Mariquita"
1080,"73449","municipality","Melgar",23.0,"Melgar","Melgar","Melgar"
1081,"73461","municipality","Murillo",23.0,"Murillo","Murillo","Murillo"
1082,"73483","municipality","Natagaima",23.0,"Natagaima","Natagaima","Natagaima"
1083,"73504","municipality","Ortega",23.0,"Ortega","Ortega","Ortega"
1084,"73520","municipality","Palocabildo",23.0,"Palocabildo","Palocabildo","Palocabildo"
1085,"73547","municipality","Piedras",23.0,"Piedras","Piedras","Piedras"
1086,"73555","municipality","Planadas",23.0,"Planadas","Planadas","Planadas"
1087,"73563","municipality","Prado",23.0,"Prado","Prado","Prado"
1088,"73585","municipality","Purificación",23.0,"Purificación","Purificación","Purificación"
1089,"73616","municipality","Rioblanco",23.0,"Rioblanco","Rioblanco","Rioblanco"
1090,"73622","municipality","Roncesvalles",23.0,"Roncesvalles","Roncesvalles","Roncesvalles"
1091,"73624","municipality","Rovira",23.0,"Rovira","Rovira","Rovira"
1092,"73671","municipality","Saldaña",23.0,"Saldaña","Saldaña","Saldaña"
1093,"73675","municipality","San Antonio",23.0,"San Antonio","San Antonio","San Antonio"
1094,"73678","municipality","San Luis",23.0,"San Luis","San Luis","San Luis"
1095,"73686","municipality","Santa Isabel",23.0,"Santa Isabel","Santa Isabel","Santa Isabel"
1096,"73770","municipality","Suárez",23.0,"Suárez","Suárez","Suárez"
1097,"73854","municipality","Valle De San Juan",23.0,"Valle De San Juan","Valle De San Juan","Valle De San Juan"
1098,"73861","municipality","Venadillo",23.0,"Venadillo","Venadillo","Venadillo"
1099,"73870","municipality","Villahermosa",23.0,"Villahermosa","Villahermosa","Villahermosa"
1100,"73873","municipality","Villarrica",23.0,"Villarrica","Villarrica","Villarrica"
1101,"76001","municipality","Cali",24.0,"Cali","Cali","Cali"
1102,"76020","municipality","Alcalá",24.0,"Alcalá","Alcalá","Alcalá"
1103,"76036","municipality","Andalucía",24.0,"Andalucía","Andalucía","Andalucía"
1104,"76041","municipality","Ansermanuevo",24.0,"Ansermanuevo","Ansermanuevo","Ansermanuevo"
1105,"76054","municipality","Argelia",24.0,"Argelia","Argelia","Argelia"
1106,"76100","municipality","Bolívar",24.0,"Bolívar","Bolívar","Bolívar"
1107,"76109","municipality","Buenaventura",24.0,"Buenaventura","Buenaventura","Buenaventura"
1108,"76111","municipality","Guadalajara De Buga",24.0,"Guadalajara De Buga","Guadalajara De Buga","Guadalajara De Buga"
1109,"76113","municipality","Bugalagrande",24.0,"Bugalagrande","Bugalagrande","Bugalagrande"
1110,"76122","municipality","Caicedonia",24.0,"Caicedonia","Caicedonia","Caicedonia"
1111,"76126","municipality","Calima",24.0,"Calima","Calima","Calima"
1112,"76130","municipality","Candelaria",24.0,"Candelaria","Candelaria","Candelaria"
1113,"76147","municipality","Cartago",24.0,"Cartago","Cartago","Cartago"
1114,"76233","municipality","Dagua",24.0,"Dagua","Dagua","Dagua"
1115,"76243","municipality","El Águila",24.0,"El Águila","El Águila","El Águila"
1116,"76246","municipality","El Cairo",24.0,"El Cairo","El Cairo","El Cairo"
1117,"76248","municipality","El Cerrito",24.0,"El Cerrito","El Cerrito","El Cerrito"
1118,"76250","municipality","El Dovio",24.0,"El Dovio","El Dovio","El Dovio"
1119,"76275","municipality","Florida",24.0,"Florida","Florida","Florida"
1120,"76306","municipality","Ginebra",24.0,"Ginebra","Ginebra","Ginebra"
1121,"76318","municipality","Guacarí",24.0,"Guacarí","Guacarí","Guacarí"
1122,"76364","municipality","Jamundí",24.0,"Jamundí","Jamundí","Jamundí"
1123,"76377","municipality","La Cumbre",24.0,"La Cumbre","La Cumbre","La Cumbre"
1124,"76400","municipality","La Unión",24.0,"La Unión","La Unión","La Unión"
1125,"76403","municipality","La Victoria",24.0,"La Victoria","La Victoria","La Victoria"
1126,"76497","municipality","Obando",24.0,"Obando","Obando","Obando"
1127,"76520","municipality","Palmira",24.0,"Palmira","Palmira","Palmira"
1128,"76563","municipality","Pradera",24.0,"Pradera","Pradera","Pradera"
1129,"76606","municipality","Restrepo",24.0,"Restrepo","Restrepo","Restrepo"
1130,"76616","municipality","Riofrío",24.0,"Riofrío","Riofrío","Riofrío"
1131,"76622","municipality","Roldanillo",24.0,"Roldanillo","Roldanillo","Roldanillo"
1132,"76670","municipality","San Pedro",24.0,"San Pedro","San Pedro","San Pedro"
1133,"76736","municipality","Sevilla",24.0,"Sevilla","Sevilla","Sevilla"
1134,"76823","municipality","Toro",24.0,"Toro","Toro","Toro"
1135,"76828","municipality","Trujillo",24.0,"Trujillo","Trujillo","Trujillo"
1136,"76834","municipality","Tuluá",24.0,"Tuluá","Tuluá","Tuluá"
1137,"76845","municipality","Ulloa",24.0,"Ulloa","Ulloa","Ulloa"
1138,"76863","municipality","Versalles",24.0,"Versalles","Versalles","Versalles"
1139,"76869","municipality","Vijes",24.0,"Vijes","Vijes","Vijes"
1140,"76890","municipality","Yotoco",24.0,"Yotoco","Yotoco","Yotoco"
1141,"76892","municipality","Yumbo",24.0,"Yumbo","Yumbo","Yumbo"
1142,"76895","municipality","Zarzal",24.0,"Zarzal","Zarzal","Zarzal"
1143,"81001","municipality","Arauca",25.0,"Arauca","Arauca","Arauca"
1144,"81065","municipality","Arauquita",25.0,"Arauquita","Arauquita","Arauquita"
1145,"81220","municipality","Cravo Norte",25.0,"Cravo Norte","Cravo Norte","Cravo Norte"
1146,"81300","municipality","Fortul",25.0,"Fortul","Fortul","Fortul"
1147,"81591","municipality","Puerto Rondón",25.0,"Puerto Rondón","Puerto Rondón","Puerto Rondón"
1148,"81736","municipality","Saravena",25.0,"Saravena","Saravena","Saravena"
1149,"81794","municipality","Tame",25.0,"Tame","Tame","Tame"
1150,"85001","municipality","Yopal",26.0,"Yopal","Yopal","Yopal"
1151,"85010","municipality","Aguazul",26.0,"Aguazul","Aguazul","Aguazul"
1152,"85015","municipality","Chámeza",26.0,"Chámeza","Chámeza","Chámeza"
1153,"85125","municipality","Hato Corozal",26.0,"Hato Corozal","Hato Corozal","Hato Corozal"
1154,"85136","municipality","La Salina",26.0,"La Salina","La Salina","La Salina"
1155,"85139","municipality","Maní",26.0,"Maní","Maní","Maní"
1156,"85162","municipality","Monterrey",26.0,"Monterrey","Monterrey","Monterrey"
1157,"85225","municipality","Nunchía",26.0,"Nunchía","Nunchía","Nunchía"
1158,"85230","municipality","Orocué",26.0,"Orocué","Orocué","Orocué"
1159,"85250","municipality","Paz De Ariporo",26.0,"Paz De Ariporo","Paz De Ariporo","Paz De Ariporo"
1160,"85263","municipality","Pore",26.0,"Pore","Pore","Pore"
1161,"85279","municipality","Recetor",26.0,"Recetor","Recetor","Recetor"
1162,"85300","municipality","Sabanalarga",26.0,"Sabanalarga","Sabanalarga","Sabanalarga"
1163,"85315","municipality","Sácama",26.0,"Sácama","Sácama","Sácama"
1164,"85325","municipality","San Luis De Palenque",26.0,"San Luis De Palenque","San Luis De Palenque","San Luis De Palenque"
1165,"85400","municipality","Támara",26.0,"Támara","Támara","Támara"
1166,"85410","municipality","Tauramena",26.0,"Tauramena","Tauramena","Tauramena"
1167,"85430","municipality","Trinidad",26.0,"Trinidad","Trinidad","Trinidad"
1168,"85440","municipality","Villanueva",26.0,"Villanueva","Villanueva","Villanueva"
1169,"86001","municipality","Mocoa",27.0,"Mocoa","Mocoa","Mocoa"
1170,"86219","municipality","Colón",27.0,"Colón","Colón","Colón"
1171,"86320","municipality","Orito",27.0,"Orito","Orito","Orito"
1172,"86568","municipality","Puerto Asís",27.0,"Puerto Asís","Puerto Asís","Puerto Asís"
1173,"86569","municipality","Puerto Caicedo",27.0,"Puerto Caicedo","Puerto Caicedo","Puerto Caicedo"
1174,"86571","municipality","Puerto Guzmán",27.0,"Puerto Guzmán","Puerto Guzmán","Puerto Guzmán"
1175,"86573","municipality","Puerto Leguízamo",27.0,"Puerto Leguízamo","Puerto Leguízamo","Puerto Leguízamo"
1176,"86749","municipality","Sibundoy",27.0,"Sibundoy","Sibundoy","Sibundoy"
1177,"86755","municipality","San Francisco",27.0,"San Francisco","San Francisco","San Francisco"
1178,"86757","municipality","San Miguel",27.0,"San Miguel","San Miguel","San Miguel"
1179,"86760","municipality","Santiago",27.0,"Santiago","Santiago","Santiago"
1180,"86865","municipality","Valle Del Guamuez",27.0,"Valle Del Guamuez","Valle Del Guamuez","Valle Del Guamuez"
1181,"86885","municipality","Villagarzón",27.0,"Villagarzón","Villagarzón","Villagarzón"
1182,"88001","municipality","San Andrés",28.0,"San Andrés","San Andrés","San Andrés"
1183,"88564","municipality","Providencia",28.0,"Providencia","Providencia","Providencia"
1184,"91001","municipality","Leticia",29.0,"Leticia","Leticia","Leticia"
1185,"91263","municipality","El Encanto",29.0,"El Encanto","El Encanto","El Encanto"
1186,"91405","municipality","La Chorrera",29.0,"La Chorrera","La Chorrera","La Chorrera"
1187,"91407","municipality","La Pedrera",29.0,"La Pedrera","La Pedrera","La Pedrera"
1188,"91430","municipality","La Victoria",29.0,"La Victoria","La Victoria","La Victoria"
1189,"91460","municipality","Mirití - Paraná",29.0,"Mirití - Paraná","Mirití - Paraná","Mirití - Paraná"
1190,"91530","municipality","Puerto Alegría",29.0,"Puerto Alegría","Puerto Alegría","Puerto Alegría"
1191,"91536","municipality","Puerto Arica",29.0,"Puerto Arica","Puerto Arica","Puerto Arica"
1192,"91540","municipality","Puerto Nariño",29.0,"Puerto Nariño","Puerto Nariño","Puerto Nariño"
1193,"91669","municipality","Puerto Santander",29.0,"Puerto Santander","Puerto Santander","Puerto Santander"
1194,"91798","municipality","Tarapacá",29.0,"Tarapacá","Tarapacá","Tarapacá"
1195,"94001","municipality","Inírida",30.0,"Inírida","Inírida","Inírida"
1196,"94343","municipality","Barranco Minas",30.0,"Barranco Minas","Barranco Minas","Barranco Minas"
1197,"94663","municipality","Mapiripana",30.0,"Mapiripana","Mapiripana","Mapiripana"
1198,"94883","municipality","San Felipe",30.0,"San Felipe","San Felipe","San Felipe"
1199,"94884","municipality","Puerto Colombia",30.0,"Puerto Colombia","Puerto Colombia","Puerto Colombia"
1200,"94885","municipality","La Guadalupe",30.0,"La Guadalupe","La Guadalupe","La Guadalupe"
1201,"94886","municipality","Cacahual",30.0,"Cacahual","Cacahual","Cacahual"
1202,"94887","municipality","Pana Pana",30.0,"Pana Pana","Pana Pana","Pana Pana"
1203,"94888","municipality","Morichal",30.0,"Morichal","Morichal","Morichal"
1204,"95001","municipality","San José Del Guaviare",31.0,"San José Del Guaviare","San José Del Guaviare","San José Del Guaviare"
1205,"95015","municipality","Calamar",31.0,"Calamar","Calamar","Calamar"
1206,"95025","municipality","El Retorno",31.0,"El Retorno","El Retorno","El Retorno"
1207,"95200","municipality","Miraflores",31.0,"Miraflores","Miraflores","Miraflores"
1208,"97001","municipality","Mitú",32.0,"Mitú","Mitú","Mitú"
1209,"97161","municipality","Carurú",32.0,"Carurú","Carurú","Carurú"
1210,"97511","municipality","Pacoa",32.0,"Pacoa","Pacoa","Pacoa"
1211,"97666","municipality","Taraira",32.0,"Taraira","Taraira","Taraira"
1212,"97777","municipality","Papunaua",32.0,"Papunaua","Papunaua","Papunaua"
1213,"97889","municipality","Yavaraté",32.0,"Yavaraté","Yavaraté","Yavaraté"
1214,"99001","municipality","Puerto Carreño",33.0,"Puerto Carreño","Puerto Carreño","Puerto Carreño"
1215,"99524","municipality","La Primavera",33.0,"La Primavera","La Primavera","La Primavera"
1216,"99624","municipality","Santa Rosalía",33.0,"Santa Rosalía","Santa Rosalía","Santa Rosalía"
1217,"99773","municipality","Cumaribo",33.0,"Cumaribo","Cumaribo","Cumaribo"
